"directory_path","readme_path","room_code","room_id","room_title","dropzone_kind","expected_file_count","expected_extensions","placement_stages","runtime_policies"
"art/src/backgrounds/act_i/source_models/mudflats","art/src/backgrounds/act_i/source_models/mudflats/README.md","R01","mudflats","Mudflats","meshy_source_models","3","glb","blender_helper_geometry","never_import_directly_to_godot"
"docs/art/reference/act_i/mudflats","docs/art/reference/act_i/mudflats/README.md","R01","mudflats","Mudflats","generated_reference_boards","3","png","reference_board","never_import_directly_to_godot"
"art/src/backgrounds/act_i/interactive_layers/mudflats","art/src/backgrounds/act_i/interactive_layers/mudflats/README.md","R01","mudflats","Mudflats","interactive_layer_sources","1","psd","paintover_runtime_layer","export_separate_png_and_preserve_godot_hotspot_metadata"
"art/src/backgrounds/act_i/source_models/old_quay","art/src/backgrounds/act_i/source_models/old_quay/README.md","R02","old_quay","The Old Quay","meshy_source_models","4","glb","blender_helper_geometry","never_import_directly_to_godot"
"docs/art/reference/act_i/old_quay","docs/art/reference/act_i/old_quay/README.md","R02","old_quay","The Old Quay","generated_reference_boards","4","png","reference_board","never_import_directly_to_godot"
"art/src/backgrounds/act_i/interactive_layers/old_quay","art/src/backgrounds/act_i/interactive_layers/old_quay/README.md","R02","old_quay","The Old Quay","interactive_layer_sources","3","psd","paintover_runtime_layer","export_separate_png_and_preserve_godot_hotspot_metadata"
"art/src/backgrounds/act_i/navigation_silhouettes/old_quay","art/src/backgrounds/act_i/navigation_silhouettes/old_quay/README.md","R02","old_quay","The Old Quay","navigation_silhouette_sources","2","psd","paintover_navigation_readability","preserve_existing_exit_metadata"
"art/src/backgrounds/act_i/source_models/salt_market","art/src/backgrounds/act_i/source_models/salt_market/README.md","R03","salt_market","Salt Market","meshy_source_models","4","glb","blender_helper_geometry","never_import_directly_to_godot"
"docs/art/reference/act_i/salt_market","docs/art/reference/act_i/salt_market/README.md","R03","salt_market","Salt Market","generated_reference_boards","3","png","reference_board","never_import_directly_to_godot"
"art/src/backgrounds/act_i/interactive_layers/salt_market","art/src/backgrounds/act_i/interactive_layers/salt_market/README.md","R03","salt_market","Salt Market","interactive_layer_sources","5","psd","paintover_runtime_layer","export_separate_png_and_preserve_godot_hotspot_metadata"
"art/src/backgrounds/act_i/navigation_silhouettes/salt_market","art/src/backgrounds/act_i/navigation_silhouettes/salt_market/README.md","R03","salt_market","Salt Market","navigation_silhouette_sources","6","psd","paintover_navigation_readability","preserve_existing_exit_metadata"
"art/src/backgrounds/act_i/source_models/harbor_registry","art/src/backgrounds/act_i/source_models/harbor_registry/README.md","R05","harbor_registry","Harbor Registry","meshy_source_models","4","glb","blender_helper_geometry","never_import_directly_to_godot"
"docs/art/reference/act_i/harbor_registry","docs/art/reference/act_i/harbor_registry/README.md","R05","harbor_registry","Harbor Registry","generated_reference_boards","4","png","reference_board","never_import_directly_to_godot"
"art/src/backgrounds/act_i/interactive_layers/harbor_registry","art/src/backgrounds/act_i/interactive_layers/harbor_registry/README.md","R05","harbor_registry","Harbor Registry","interactive_layer_sources","3","psd","paintover_runtime_layer","export_separate_png_and_preserve_godot_hotspot_metadata"
"art/src/backgrounds/act_i/navigation_silhouettes/harbor_registry","art/src/backgrounds/act_i/navigation_silhouettes/harbor_registry/README.md","R05","harbor_registry","Harbor Registry","navigation_silhouette_sources","1","psd","paintover_navigation_readability","preserve_existing_exit_metadata"
"art/src/backgrounds/act_i/source_models/bone_chandler","art/src/backgrounds/act_i/source_models/bone_chandler/README.md","R06","bone_chandler","The Bone Chandler","meshy_source_models","4","glb","blender_helper_geometry","never_import_directly_to_godot"
"docs/art/reference/act_i/bone_chandler","docs/art/reference/act_i/bone_chandler/README.md","R06","bone_chandler","The Bone Chandler","generated_reference_boards","4","png","reference_board","never_import_directly_to_godot"
"art/src/backgrounds/act_i/interactive_layers/bone_chandler","art/src/backgrounds/act_i/interactive_layers/bone_chandler/README.md","R06","bone_chandler","The Bone Chandler","interactive_layer_sources","1","psd","paintover_runtime_layer","export_separate_png_and_preserve_godot_hotspot_metadata"
"art/src/backgrounds/act_i/navigation_silhouettes/bone_chandler","art/src/backgrounds/act_i/navigation_silhouettes/bone_chandler/README.md","R06","bone_chandler","The Bone Chandler","navigation_silhouette_sources","2","psd","paintover_navigation_readability","preserve_existing_exit_metadata"
"art/src/backgrounds/act_i/source_models/almshouse","art/src/backgrounds/act_i/source_models/almshouse/README.md","R07","almshouse","The Almshouse","meshy_source_models","4","glb","blender_helper_geometry","never_import_directly_to_godot"
"docs/art/reference/act_i/almshouse","docs/art/reference/act_i/almshouse/README.md","R07","almshouse","The Almshouse","generated_reference_boards","4","png","reference_board","never_import_directly_to_godot"
"art/src/backgrounds/act_i/interactive_layers/almshouse","art/src/backgrounds/act_i/interactive_layers/almshouse/README.md","R07","almshouse","The Almshouse","interactive_layer_sources","1","psd","paintover_runtime_layer","export_separate_png_and_preserve_godot_hotspot_metadata"
"art/src/backgrounds/act_i/navigation_silhouettes/almshouse","art/src/backgrounds/act_i/navigation_silhouettes/almshouse/README.md","R07","almshouse","The Almshouse","navigation_silhouette_sources","2","psd","paintover_navigation_readability","preserve_existing_exit_metadata"
"art/src/backgrounds/act_i/source_models/fish_hall","art/src/backgrounds/act_i/source_models/fish_hall/README.md","R08","fish_hall","The Fish Hall","meshy_source_models","4","glb","blender_helper_geometry","never_import_directly_to_godot"
"docs/art/reference/act_i/fish_hall","docs/art/reference/act_i/fish_hall/README.md","R08","fish_hall","The Fish Hall","generated_reference_boards","4","png","reference_board","never_import_directly_to_godot"
"art/src/backgrounds/act_i/interactive_layers/fish_hall","art/src/backgrounds/act_i/interactive_layers/fish_hall/README.md","R08","fish_hall","The Fish Hall","interactive_layer_sources","3","psd","paintover_runtime_layer","export_separate_png_and_preserve_godot_hotspot_metadata"
"art/src/backgrounds/act_i/navigation_silhouettes/fish_hall","art/src/backgrounds/act_i/navigation_silhouettes/fish_hall/README.md","R08","fish_hall","The Fish Hall","navigation_silhouette_sources","1","psd","paintover_navigation_readability","preserve_existing_exit_metadata"
"art/src/backgrounds/act_i/source_models/church_of_the_drowned","art/src/backgrounds/act_i/source_models/church_of_the_drowned/README.md","R09","church_of_the_drowned","Church of the Drowned","meshy_source_models","4","glb","blender_helper_geometry","never_import_directly_to_godot"
"docs/art/reference/act_i/church_of_the_drowned","docs/art/reference/act_i/church_of_the_drowned/README.md","R09","church_of_the_drowned","Church of the Drowned","generated_reference_boards","3","png","reference_board","never_import_directly_to_godot"
"art/src/backgrounds/act_i/interactive_layers/church_of_the_drowned","art/src/backgrounds/act_i/interactive_layers/church_of_the_drowned/README.md","R09","church_of_the_drowned","Church of the Drowned","interactive_layer_sources","3","psd","paintover_runtime_layer","export_separate_png_and_preserve_godot_hotspot_metadata"
"art/src/backgrounds/act_i/navigation_silhouettes/church_of_the_drowned","art/src/backgrounds/act_i/navigation_silhouettes/church_of_the_drowned/README.md","R09","church_of_the_drowned","Church of the Drowned","navigation_silhouette_sources","2","psd","paintover_navigation_readability","preserve_existing_exit_metadata"
"art/src/backgrounds/act_i/source_models/grey_float","art/src/backgrounds/act_i/source_models/grey_float/README.md","R10","grey_float","The Grey Float","meshy_source_models","4","glb","blender_helper_geometry","never_import_directly_to_godot"
"docs/art/reference/act_i/grey_float","docs/art/reference/act_i/grey_float/README.md","R10","grey_float","The Grey Float","generated_reference_boards","4","png","reference_board","never_import_directly_to_godot"
"art/src/backgrounds/act_i/interactive_layers/grey_float","art/src/backgrounds/act_i/interactive_layers/grey_float/README.md","R10","grey_float","The Grey Float","interactive_layer_sources","3","psd","paintover_runtime_layer","export_separate_png_and_preserve_godot_hotspot_metadata"
"art/src/backgrounds/act_i/navigation_silhouettes/grey_float","art/src/backgrounds/act_i/navigation_silhouettes/grey_float/README.md","R10","grey_float","The Grey Float","navigation_silhouette_sources","2","psd","paintover_navigation_readability","preserve_existing_exit_metadata"
"art/src/backgrounds/act_i/source_models/harbormaster_office","art/src/backgrounds/act_i/source_models/harbormaster_office/README.md","R11","harbormaster_office","Harbormaster's Office","meshy_source_models","4","glb","blender_helper_geometry","never_import_directly_to_godot"
"docs/art/reference/act_i/harbormaster_office","docs/art/reference/act_i/harbormaster_office/README.md","R11","harbormaster_office","Harbormaster's Office","generated_reference_boards","4","png","reference_board","never_import_directly_to_godot"
"art/src/backgrounds/act_i/interactive_layers/harbormaster_office","art/src/backgrounds/act_i/interactive_layers/harbormaster_office/README.md","R11","harbormaster_office","Harbormaster's Office","interactive_layer_sources","1","psd","paintover_runtime_layer","export_separate_png_and_preserve_godot_hotspot_metadata"
"art/src/backgrounds/act_i/navigation_silhouettes/harbormaster_office","art/src/backgrounds/act_i/navigation_silhouettes/harbormaster_office/README.md","R11","harbormaster_office","Harbormaster's Office","navigation_silhouette_sources","2","psd","paintover_navigation_readability","preserve_existing_exit_metadata"
"art/src/backgrounds/act_i/source_models/sabine_office","art/src/backgrounds/act_i/source_models/sabine_office/README.md","R12","sabine_office","Sabine's Office","meshy_source_models","4","glb","blender_helper_geometry","never_import_directly_to_godot"
"docs/art/reference/act_i/sabine_office","docs/art/reference/act_i/sabine_office/README.md","R12","sabine_office","Sabine's Office","generated_reference_boards","4","png","reference_board","never_import_directly_to_godot"
"art/src/backgrounds/act_i/interactive_layers/sabine_office","art/src/backgrounds/act_i/interactive_layers/sabine_office/README.md","R12","sabine_office","Sabine's Office","interactive_layer_sources","1","psd","paintover_runtime_layer","export_separate_png_and_preserve_godot_hotspot_metadata"
"art/src/backgrounds/act_i/navigation_silhouettes/sabine_office","art/src/backgrounds/act_i/navigation_silhouettes/sabine_office/README.md","R12","sabine_office","Sabine's Office","navigation_silhouette_sources","1","psd","paintover_navigation_readability","preserve_existing_exit_metadata"
