"id","room_code","room_id","name","source_path","content_status","generation_status","estimated_preview_credits","estimated_refine_credits","prompt","negative_prompt","output_contract"
"mudflats_meshy_source_model_bollard_silhouettes","R01","mudflats","bollard silhouettes","art/src/backgrounds/act_i/source_models/mudflats/bollard_silhouettes.glb","missing","blocked_no_meshy_key","20","10","Create a single reusable 3D source prop for Mudflats on Isla Mordida: bollard silhouettes. Fixed-camera point-and-click adventure source asset, stylized 1740s occult harbor noir, strong silhouette, simple readable geometry, usable as Blender blockout/paintover reference, neutral grey material groups, no scene floor, no full room, no characters, no text labels. limited ink-and-wash noir palette: bone paper white #E4DCC8, wet black #0C1013, harbor slate #2A3A40, absinthe green #7D9B4E only for wrong light, whale-oil amber #C98A3C only for warmth, no arterial red unless explicitly approved.","whole room, complete environment, final background, camera blur, unreadable tiny detail, modern objects, extra characters, explicit sexual content, arterial red, photoreal gore","Download as GLB to art/src/backgrounds/act_i/source_models/mudflats/bollard_silhouettes.glb. Import into Blender only as helper geometry; final room art still comes from greybox plus paintover."
"mudflats_meshy_source_model_distant_leviathan_ribs","R01","mudflats","distant leviathan ribs","art/src/backgrounds/act_i/source_models/mudflats/distant_leviathan_ribs.glb","missing","blocked_no_meshy_key","20","10","Create a single reusable 3D source prop for Mudflats on Isla Mordida: distant leviathan ribs. Fixed-camera point-and-click adventure source asset, stylized 1740s occult harbor noir, strong silhouette, simple readable geometry, usable as Blender blockout/paintover reference, neutral grey material groups, no scene floor, no full room, no characters, no text labels. limited ink-and-wash noir palette: bone paper white #E4DCC8, wet black #0C1013, harbor slate #2A3A40, absinthe green #7D9B4E only for wrong light, whale-oil amber #C98A3C only for warmth, no arterial red unless explicitly approved.","whole room, complete environment, final background, camera blur, unreadable tiny detail, modern objects, extra characters, explicit sexual content, arterial red, photoreal gore","Download as GLB to art/src/backgrounds/act_i/source_models/mudflats/distant_leviathan_ribs.glb. Import into Blender only as helper geometry; final room art still comes from greybox plus paintover."
"mudflats_meshy_source_model_mud_ridge_reference_forms","R01","mudflats","mud ridge reference forms","art/src/backgrounds/act_i/source_models/mudflats/mud_ridge_reference_forms.glb","missing","blocked_no_meshy_key","20","10","Create a single reusable 3D source prop for Mudflats on Isla Mordida: mud ridge reference forms. Fixed-camera point-and-click adventure source asset, stylized 1740s occult harbor noir, strong silhouette, simple readable geometry, usable as Blender blockout/paintover reference, neutral grey material groups, no scene floor, no full room, no characters, no text labels. limited ink-and-wash noir palette: bone paper white #E4DCC8, wet black #0C1013, harbor slate #2A3A40, absinthe green #7D9B4E only for wrong light, whale-oil amber #C98A3C only for warmth, no arterial red unless explicitly approved.","whole room, complete environment, final background, camera blur, unreadable tiny detail, modern objects, extra characters, explicit sexual content, arterial red, photoreal gore","Download as GLB to art/src/backgrounds/act_i/source_models/mudflats/mud_ridge_reference_forms.glb. Import into Blender only as helper geometry; final room art still comes from greybox plus paintover."
"old_quay_meshy_source_model_bollard_row","R02","old_quay","bollard row","art/src/backgrounds/act_i/source_models/old_quay/bollard_row.glb","missing","blocked_no_meshy_key","20","10","Create a single reusable 3D source prop for The Old Quay on Isla Mordida: bollard row. Fixed-camera point-and-click adventure source asset, stylized 1740s occult harbor noir, strong silhouette, simple readable geometry, usable as Blender blockout/paintover reference, neutral grey material groups, no scene floor, no full room, no characters, no text labels. limited ink-and-wash noir palette: bone paper white #E4DCC8, wet black #0C1013, harbor slate #2A3A40, absinthe green #7D9B4E only for wrong light, whale-oil amber #C98A3C only for warmth, no arterial red unless explicitly approved.","whole room, complete environment, final background, camera blur, unreadable tiny detail, modern objects, extra characters, explicit sexual content, arterial red, photoreal gore","Download as GLB to art/src/backgrounds/act_i/source_models/old_quay/bollard_row.glb. Import into Blender only as helper geometry; final room art still comes from greybox plus paintover."
"old_quay_meshy_source_model_dock_pilings","R02","old_quay","dock pilings","art/src/backgrounds/act_i/source_models/old_quay/dock_pilings.glb","missing","blocked_no_meshy_key","20","10","Create a single reusable 3D source prop for The Old Quay on Isla Mordida: dock pilings. Fixed-camera point-and-click adventure source asset, stylized 1740s occult harbor noir, strong silhouette, simple readable geometry, usable as Blender blockout/paintover reference, neutral grey material groups, no scene floor, no full room, no characters, no text labels. limited ink-and-wash noir palette: bone paper white #E4DCC8, wet black #0C1013, harbor slate #2A3A40, absinthe green #7D9B4E only for wrong light, whale-oil amber #C98A3C only for warmth, no arterial red unless explicitly approved.","whole room, complete environment, final background, camera blur, unreadable tiny detail, modern objects, extra characters, explicit sexual content, arterial red, photoreal gore","Download as GLB to art/src/backgrounds/act_i/source_models/old_quay/dock_pilings.glb. Import into Blender only as helper geometry; final room art still comes from greybox plus paintover."
"old_quay_meshy_source_model_harbor_rail_fragments","R02","old_quay","harbor rail fragments","art/src/backgrounds/act_i/source_models/old_quay/harbor_rail_fragments.glb","missing","blocked_no_meshy_key","20","10","Create a single reusable 3D source prop for The Old Quay on Isla Mordida: harbor rail fragments. Fixed-camera point-and-click adventure source asset, stylized 1740s occult harbor noir, strong silhouette, simple readable geometry, usable as Blender blockout/paintover reference, neutral grey material groups, no scene floor, no full room, no characters, no text labels. limited ink-and-wash noir palette: bone paper white #E4DCC8, wet black #0C1013, harbor slate #2A3A40, absinthe green #7D9B4E only for wrong light, whale-oil amber #C98A3C only for warmth, no arterial red unless explicitly approved.","whole room, complete environment, final background, camera blur, unreadable tiny detail, modern objects, extra characters, explicit sexual content, arterial red, photoreal gore","Download as GLB to art/src/backgrounds/act_i/source_models/old_quay/harbor_rail_fragments.glb. Import into Blender only as helper geometry; final room art still comes from greybox plus paintover."
"old_quay_meshy_source_model_rope_cleat","R02","old_quay","rope cleat","art/src/backgrounds/act_i/source_models/old_quay/rope_cleat.glb","missing","blocked_no_meshy_key","20","10","Create a single reusable 3D source prop for The Old Quay on Isla Mordida: rope cleat. Fixed-camera point-and-click adventure source asset, stylized 1740s occult harbor noir, strong silhouette, simple readable geometry, usable as Blender blockout/paintover reference, neutral grey material groups, no scene floor, no full room, no characters, no text labels. limited ink-and-wash noir palette: bone paper white #E4DCC8, wet black #0C1013, harbor slate #2A3A40, absinthe green #7D9B4E only for wrong light, whale-oil amber #C98A3C only for warmth, no arterial red unless explicitly approved.","whole room, complete environment, final background, camera blur, unreadable tiny detail, modern objects, extra characters, explicit sexual content, arterial red, photoreal gore","Download as GLB to art/src/backgrounds/act_i/source_models/old_quay/rope_cleat.glb. Import into Blender only as helper geometry; final room art still comes from greybox plus paintover."
"salt_market_meshy_source_model_boot_stall","R03","salt_market","boot stall","art/src/backgrounds/act_i/source_models/salt_market/boot_stall.glb","missing","blocked_no_meshy_key","20","10","Create a single reusable 3D source prop for Salt Market on Isla Mordida: boot stall. Fixed-camera point-and-click adventure source asset, stylized 1740s occult harbor noir, strong silhouette, simple readable geometry, usable as Blender blockout/paintover reference, neutral grey material groups, no scene floor, no full room, no characters, no text labels. limited ink-and-wash noir palette: bone paper white #E4DCC8, wet black #0C1013, harbor slate #2A3A40, absinthe green #7D9B4E only for wrong light, whale-oil amber #C98A3C only for warmth, no arterial red unless explicitly approved.","whole room, complete environment, final background, camera blur, unreadable tiny detail, modern objects, extra characters, explicit sexual content, arterial red, photoreal gore","Download as GLB to art/src/backgrounds/act_i/source_models/salt_market/boot_stall.glb. Import into Blender only as helper geometry; final room art still comes from greybox plus paintover."
"salt_market_meshy_source_model_crowd_silhouette_blockers","R03","salt_market","crowd silhouette blockers","art/src/backgrounds/act_i/source_models/salt_market/crowd_silhouette_blockers.glb","missing","blocked_no_meshy_key","20","10","Create a single reusable 3D source prop for Salt Market on Isla Mordida: crowd silhouette blockers. Fixed-camera point-and-click adventure source asset, stylized 1740s occult harbor noir, strong silhouette, simple readable geometry, usable as Blender blockout/paintover reference, neutral grey material groups, no scene floor, no full room, no characters, no text labels. limited ink-and-wash noir palette: bone paper white #E4DCC8, wet black #0C1013, harbor slate #2A3A40, absinthe green #7D9B4E only for wrong light, whale-oil amber #C98A3C only for warmth, no arterial red unless explicitly approved.","whole room, complete environment, final background, camera blur, unreadable tiny detail, modern objects, extra characters, explicit sexual content, arterial red, photoreal gore","Download as GLB to art/src/backgrounds/act_i/source_models/salt_market/crowd_silhouette_blockers.glb. Import into Blender only as helper geometry; final room art still comes from greybox plus paintover."
"salt_market_meshy_source_model_hanging_lamps","R03","salt_market","hanging lamps","art/src/backgrounds/act_i/source_models/salt_market/hanging_lamps.glb","missing","blocked_no_meshy_key","20","10","Create a single reusable 3D source prop for Salt Market on Isla Mordida: hanging lamps. Fixed-camera point-and-click adventure source asset, stylized 1740s occult harbor noir, strong silhouette, simple readable geometry, usable as Blender blockout/paintover reference, neutral grey material groups, no scene floor, no full room, no characters, no text labels. limited ink-and-wash noir palette: bone paper white #E4DCC8, wet black #0C1013, harbor slate #2A3A40, absinthe green #7D9B4E only for wrong light, whale-oil amber #C98A3C only for warmth, no arterial red unless explicitly approved.","whole room, complete environment, final background, camera blur, unreadable tiny detail, modern objects, extra characters, explicit sexual content, arterial red, photoreal gore","Download as GLB to art/src/backgrounds/act_i/source_models/salt_market/hanging_lamps.glb. Import into Blender only as helper geometry; final room art still comes from greybox plus paintover."
"salt_market_meshy_source_model_market_stall_shells","R03","salt_market","market stall shells","art/src/backgrounds/act_i/source_models/salt_market/market_stall_shells.glb","missing","blocked_no_meshy_key","20","10","Create a single reusable 3D source prop for Salt Market on Isla Mordida: market stall shells. Fixed-camera point-and-click adventure source asset, stylized 1740s occult harbor noir, strong silhouette, simple readable geometry, usable as Blender blockout/paintover reference, neutral grey material groups, no scene floor, no full room, no characters, no text labels. limited ink-and-wash noir palette: bone paper white #E4DCC8, wet black #0C1013, harbor slate #2A3A40, absinthe green #7D9B4E only for wrong light, whale-oil amber #C98A3C only for warmth, no arterial red unless explicitly approved.","whole room, complete environment, final background, camera blur, unreadable tiny detail, modern objects, extra characters, explicit sexual content, arterial red, photoreal gore","Download as GLB to art/src/backgrounds/act_i/source_models/salt_market/market_stall_shells.glb. Import into Blender only as helper geometry; final room art still comes from greybox plus paintover."
"harbor_registry_meshy_source_model_ledger_stacks","R05","harbor_registry","ledger stacks","art/src/backgrounds/act_i/source_models/harbor_registry/ledger_stacks.glb","missing","blocked_no_meshy_key","20","10","Create a single reusable 3D source prop for Harbor Registry on Isla Mordida: ledger stacks. Fixed-camera point-and-click adventure source asset, stylized 1740s occult harbor noir, strong silhouette, simple readable geometry, usable as Blender blockout/paintover reference, neutral grey material groups, no scene floor, no full room, no characters, no text labels. limited ink-and-wash noir palette: bone paper white #E4DCC8, wet black #0C1013, harbor slate #2A3A40, absinthe green #7D9B4E only for wrong light, whale-oil amber #C98A3C only for warmth, no arterial red unless explicitly approved.","whole room, complete environment, final background, camera blur, unreadable tiny detail, modern objects, extra characters, explicit sexual content, arterial red, photoreal gore","Download as GLB to art/src/backgrounds/act_i/source_models/harbor_registry/ledger_stacks.glb. Import into Blender only as helper geometry; final room art still comes from greybox plus paintover."
"harbor_registry_meshy_source_model_registrar_desk","R05","harbor_registry","Registrar desk","art/src/backgrounds/act_i/source_models/harbor_registry/registrar_desk.glb","missing","blocked_no_meshy_key","20","10","Create a single reusable 3D source prop for Harbor Registry on Isla Mordida: Registrar desk. Fixed-camera point-and-click adventure source asset, stylized 1740s occult harbor noir, strong silhouette, simple readable geometry, usable as Blender blockout/paintover reference, neutral grey material groups, no scene floor, no full room, no characters, no text labels. limited ink-and-wash noir palette: bone paper white #E4DCC8, wet black #0C1013, harbor slate #2A3A40, absinthe green #7D9B4E only for wrong light, whale-oil amber #C98A3C only for warmth, no arterial red unless explicitly approved.","whole room, complete environment, final background, camera blur, unreadable tiny detail, modern objects, extra characters, explicit sexual content, arterial red, photoreal gore","Download as GLB to art/src/backgrounds/act_i/source_models/harbor_registry/registrar_desk.glb. Import into Blender only as helper geometry; final room art still comes from greybox plus paintover."
"harbor_registry_meshy_source_model_roll_book_lectern","R05","harbor_registry","roll book lectern","art/src/backgrounds/act_i/source_models/harbor_registry/roll_book_lectern.glb","missing","blocked_no_meshy_key","20","10","Create a single reusable 3D source prop for Harbor Registry on Isla Mordida: roll book lectern. Fixed-camera point-and-click adventure source asset, stylized 1740s occult harbor noir, strong silhouette, simple readable geometry, usable as Blender blockout/paintover reference, neutral grey material groups, no scene floor, no full room, no characters, no text labels. limited ink-and-wash noir palette: bone paper white #E4DCC8, wet black #0C1013, harbor slate #2A3A40, absinthe green #7D9B4E only for wrong light, whale-oil amber #C98A3C only for warmth, no arterial red unless explicitly approved.","whole room, complete environment, final background, camera blur, unreadable tiny detail, modern objects, extra characters, explicit sexual content, arterial red, photoreal gore","Download as GLB to art/src/backgrounds/act_i/source_models/harbor_registry/roll_book_lectern.glb. Import into Blender only as helper geometry; final room art still comes from greybox plus paintover."
"harbor_registry_meshy_source_model_window_frame","R05","harbor_registry","window frame","art/src/backgrounds/act_i/source_models/harbor_registry/window_frame.glb","missing","blocked_no_meshy_key","20","10","Create a single reusable 3D source prop for Harbor Registry on Isla Mordida: window frame. Fixed-camera point-and-click adventure source asset, stylized 1740s occult harbor noir, strong silhouette, simple readable geometry, usable as Blender blockout/paintover reference, neutral grey material groups, no scene floor, no full room, no characters, no text labels. limited ink-and-wash noir palette: bone paper white #E4DCC8, wet black #0C1013, harbor slate #2A3A40, absinthe green #7D9B4E only for wrong light, whale-oil amber #C98A3C only for warmth, no arterial red unless explicitly approved.","whole room, complete environment, final background, camera blur, unreadable tiny detail, modern objects, extra characters, explicit sexual content, arterial red, photoreal gore","Download as GLB to art/src/backgrounds/act_i/source_models/harbor_registry/window_frame.glb. Import into Blender only as helper geometry; final room art still comes from greybox plus paintover."
"bone_chandler_meshy_source_model_bone_shelf_units","R06","bone_chandler","bone shelf units","art/src/backgrounds/act_i/source_models/bone_chandler/bone_shelf_units.glb","missing","blocked_no_meshy_key","20","10","Create a single reusable 3D source prop for The Bone Chandler on Isla Mordida: bone shelf units. Fixed-camera point-and-click adventure source asset, stylized 1740s occult harbor noir, strong silhouette, simple readable geometry, usable as Blender blockout/paintover reference, neutral grey material groups, no scene floor, no full room, no characters, no text labels. limited ink-and-wash noir palette: bone paper white #E4DCC8, wet black #0C1013, harbor slate #2A3A40, absinthe green #7D9B4E only for wrong light, whale-oil amber #C98A3C only for warmth, no arterial red unless explicitly approved.","whole room, complete environment, final background, camera blur, unreadable tiny detail, modern objects, extra characters, explicit sexual content, arterial red, photoreal gore","Download as GLB to art/src/backgrounds/act_i/source_models/bone_chandler/bone_shelf_units.glb. Import into Blender only as helper geometry; final room art still comes from greybox plus paintover."
"bone_chandler_meshy_source_model_chess_set_scale_prop","R06","bone_chandler","chess set scale prop","art/src/backgrounds/act_i/source_models/bone_chandler/chess_set_scale_prop.glb","missing","blocked_no_meshy_key","20","10","Create a single reusable 3D source prop for The Bone Chandler on Isla Mordida: chess set scale prop. Fixed-camera point-and-click adventure source asset, stylized 1740s occult harbor noir, strong silhouette, simple readable geometry, usable as Blender blockout/paintover reference, neutral grey material groups, no scene floor, no full room, no characters, no text labels. limited ink-and-wash noir palette: bone paper white #E4DCC8, wet black #0C1013, harbor slate #2A3A40, absinthe green #7D9B4E only for wrong light, whale-oil amber #C98A3C only for warmth, no arterial red unless explicitly approved.","whole room, complete environment, final background, camera blur, unreadable tiny detail, modern objects, extra characters, explicit sexual content, arterial red, photoreal gore","Download as GLB to art/src/backgrounds/act_i/source_models/bone_chandler/chess_set_scale_prop.glb. Import into Blender only as helper geometry; final room art still comes from greybox plus paintover."
"bone_chandler_meshy_source_model_prosper_watch_display_block","R06","bone_chandler","Prosper watch display block","art/src/backgrounds/act_i/source_models/bone_chandler/prosper_watch_display_block.glb","missing","blocked_no_meshy_key","20","10","Create a single reusable 3D source prop for The Bone Chandler on Isla Mordida: Prosper watch display block. Fixed-camera point-and-click adventure source asset, stylized 1740s occult harbor noir, strong silhouette, simple readable geometry, usable as Blender blockout/paintover reference, neutral grey material groups, no scene floor, no full room, no characters, no text labels. limited ink-and-wash noir palette: bone paper white #E4DCC8, wet black #0C1013, harbor slate #2A3A40, absinthe green #7D9B4E only for wrong light, whale-oil amber #C98A3C only for warmth, no arterial red unless explicitly approved.","whole room, complete environment, final background, camera blur, unreadable tiny detail, modern objects, extra characters, explicit sexual content, arterial red, photoreal gore","Download as GLB to art/src/backgrounds/act_i/source_models/bone_chandler/prosper_watch_display_block.glb. Import into Blender only as helper geometry; final room art still comes from greybox plus paintover."
"bone_chandler_meshy_source_model_trade_counter","R06","bone_chandler","trade counter","art/src/backgrounds/act_i/source_models/bone_chandler/trade_counter.glb","missing","blocked_no_meshy_key","20","10","Create a single reusable 3D source prop for The Bone Chandler on Isla Mordida: trade counter. Fixed-camera point-and-click adventure source asset, stylized 1740s occult harbor noir, strong silhouette, simple readable geometry, usable as Blender blockout/paintover reference, neutral grey material groups, no scene floor, no full room, no characters, no text labels. limited ink-and-wash noir palette: bone paper white #E4DCC8, wet black #0C1013, harbor slate #2A3A40, absinthe green #7D9B4E only for wrong light, whale-oil amber #C98A3C only for warmth, no arterial red unless explicitly approved.","whole room, complete environment, final background, camera blur, unreadable tiny detail, modern objects, extra characters, explicit sexual content, arterial red, photoreal gore","Download as GLB to art/src/backgrounds/act_i/source_models/bone_chandler/trade_counter.glb. Import into Blender only as helper geometry; final room art still comes from greybox plus paintover."
"almshouse_meshy_source_model_cot_rows","R07","almshouse","cot rows","art/src/backgrounds/act_i/source_models/almshouse/cot_rows.glb","missing","blocked_no_meshy_key","20","10","Create a single reusable 3D source prop for The Almshouse on Isla Mordida: cot rows. Fixed-camera point-and-click adventure source asset, stylized 1740s occult harbor noir, strong silhouette, simple readable geometry, usable as Blender blockout/paintover reference, neutral grey material groups, no scene floor, no full room, no characters, no text labels. limited ink-and-wash noir palette: bone paper white #E4DCC8, wet black #0C1013, harbor slate #2A3A40, absinthe green #7D9B4E only for wrong light, whale-oil amber #C98A3C only for warmth, no arterial red unless explicitly approved.","whole room, complete environment, final background, camera blur, unreadable tiny detail, modern objects, extra characters, explicit sexual content, arterial red, photoreal gore","Download as GLB to art/src/backgrounds/act_i/source_models/almshouse/cot_rows.glb. Import into Blender only as helper geometry; final room art still comes from greybox plus paintover."
"almshouse_meshy_source_model_privacy_screens","R07","almshouse","privacy screens","art/src/backgrounds/act_i/source_models/almshouse/privacy_screens.glb","missing","blocked_no_meshy_key","20","10","Create a single reusable 3D source prop for The Almshouse on Isla Mordida: privacy screens. Fixed-camera point-and-click adventure source asset, stylized 1740s occult harbor noir, strong silhouette, simple readable geometry, usable as Blender blockout/paintover reference, neutral grey material groups, no scene floor, no full room, no characters, no text labels. limited ink-and-wash noir palette: bone paper white #E4DCC8, wet black #0C1013, harbor slate #2A3A40, absinthe green #7D9B4E only for wrong light, whale-oil amber #C98A3C only for warmth, no arterial red unless explicitly approved.","whole room, complete environment, final background, camera blur, unreadable tiny detail, modern objects, extra characters, explicit sexual content, arterial red, photoreal gore","Download as GLB to art/src/backgrounds/act_i/source_models/almshouse/privacy_screens.glb. Import into Blender only as helper geometry; final room art still comes from greybox plus paintover."
"almshouse_meshy_source_model_prosper_sitting_silhouette_block","R07","almshouse","Prosper sitting silhouette block","art/src/backgrounds/act_i/source_models/almshouse/prosper_sitting_silhouette_block.glb","missing","blocked_no_meshy_key","20","10","Create a single reusable 3D source prop for The Almshouse on Isla Mordida: Prosper sitting silhouette block. Fixed-camera point-and-click adventure source asset, stylized 1740s occult harbor noir, strong silhouette, simple readable geometry, usable as Blender blockout/paintover reference, neutral grey material groups, no scene floor, no full room, no characters, no text labels. limited ink-and-wash noir palette: bone paper white #E4DCC8, wet black #0C1013, harbor slate #2A3A40, absinthe green #7D9B4E only for wrong light, whale-oil amber #C98A3C only for warmth, no arterial red unless explicitly approved.","whole room, complete environment, final background, camera blur, unreadable tiny detail, modern objects, extra characters, explicit sexual content, arterial red, photoreal gore","Download as GLB to art/src/backgrounds/act_i/source_models/almshouse/prosper_sitting_silhouette_block.glb. Import into Blender only as helper geometry; final room art still comes from greybox plus paintover."
"almshouse_meshy_source_model_window_frame","R07","almshouse","window frame","art/src/backgrounds/act_i/source_models/almshouse/window_frame.glb","missing","blocked_no_meshy_key","20","10","Create a single reusable 3D source prop for The Almshouse on Isla Mordida: window frame. Fixed-camera point-and-click adventure source asset, stylized 1740s occult harbor noir, strong silhouette, simple readable geometry, usable as Blender blockout/paintover reference, neutral grey material groups, no scene floor, no full room, no characters, no text labels. limited ink-and-wash noir palette: bone paper white #E4DCC8, wet black #0C1013, harbor slate #2A3A40, absinthe green #7D9B4E only for wrong light, whale-oil amber #C98A3C only for warmth, no arterial red unless explicitly approved.","whole room, complete environment, final background, camera blur, unreadable tiny detail, modern objects, extra characters, explicit sexual content, arterial red, photoreal gore","Download as GLB to art/src/backgrounds/act_i/source_models/almshouse/window_frame.glb. Import into Blender only as helper geometry; final room art still comes from greybox plus paintover."
"fish_hall_meshy_source_model_drain_grate","R08","fish_hall","drain grate","art/src/backgrounds/act_i/source_models/fish_hall/drain_grate.glb","missing","blocked_no_meshy_key","20","10","Create a single reusable 3D source prop for The Fish Hall on Isla Mordida: drain grate. Fixed-camera point-and-click adventure source asset, stylized 1740s occult harbor noir, strong silhouette, simple readable geometry, usable as Blender blockout/paintover reference, neutral grey material groups, no scene floor, no full room, no characters, no text labels. limited ink-and-wash noir palette: bone paper white #E4DCC8, wet black #0C1013, harbor slate #2A3A40, absinthe green #7D9B4E only for wrong light, whale-oil amber #C98A3C only for warmth, no arterial red unless explicitly approved.","whole room, complete environment, final background, camera blur, unreadable tiny detail, modern objects, extra characters, explicit sexual content, arterial red, photoreal gore","Download as GLB to art/src/backgrounds/act_i/source_models/fish_hall/drain_grate.glb. Import into Blender only as helper geometry; final room art still comes from greybox plus paintover."
"fish_hall_meshy_source_model_ice_table","R08","fish_hall","ice table","art/src/backgrounds/act_i/source_models/fish_hall/ice_table.glb","missing","blocked_no_meshy_key","20","10","Create a single reusable 3D source prop for The Fish Hall on Isla Mordida: ice table. Fixed-camera point-and-click adventure source asset, stylized 1740s occult harbor noir, strong silhouette, simple readable geometry, usable as Blender blockout/paintover reference, neutral grey material groups, no scene floor, no full room, no characters, no text labels. limited ink-and-wash noir palette: bone paper white #E4DCC8, wet black #0C1013, harbor slate #2A3A40, absinthe green #7D9B4E only for wrong light, whale-oil amber #C98A3C only for warmth, no arterial red unless explicitly approved.","whole room, complete environment, final background, camera blur, unreadable tiny detail, modern objects, extra characters, explicit sexual content, arterial red, photoreal gore","Download as GLB to art/src/backgrounds/act_i/source_models/fish_hall/ice_table.glb. Import into Blender only as helper geometry; final room art still comes from greybox plus paintover."
"fish_hall_meshy_source_model_tagged_body_table_silhouette","R08","fish_hall","tagged body-table silhouette","art/src/backgrounds/act_i/source_models/fish_hall/tagged_body_table_silhouette.glb","missing","blocked_no_meshy_key","20","10","Create a single reusable 3D source prop for The Fish Hall on Isla Mordida: tagged body-table silhouette. Fixed-camera point-and-click adventure source asset, stylized 1740s occult harbor noir, strong silhouette, simple readable geometry, usable as Blender blockout/paintover reference, neutral grey material groups, no scene floor, no full room, no characters, no text labels. limited ink-and-wash noir palette: bone paper white #E4DCC8, wet black #0C1013, harbor slate #2A3A40, absinthe green #7D9B4E only for wrong light, whale-oil amber #C98A3C only for warmth, no arterial red unless explicitly approved.","whole room, complete environment, final background, camera blur, unreadable tiny detail, modern objects, extra characters, explicit sexual content, arterial red, photoreal gore","Download as GLB to art/src/backgrounds/act_i/source_models/fish_hall/tagged_body_table_silhouette.glb. Import into Blender only as helper geometry; final room art still comes from greybox plus paintover."
"fish_hall_meshy_source_model_visitor_book_stand","R08","fish_hall","visitor book stand","art/src/backgrounds/act_i/source_models/fish_hall/visitor_book_stand.glb","missing","blocked_no_meshy_key","20","10","Create a single reusable 3D source prop for The Fish Hall on Isla Mordida: visitor book stand. Fixed-camera point-and-click adventure source asset, stylized 1740s occult harbor noir, strong silhouette, simple readable geometry, usable as Blender blockout/paintover reference, neutral grey material groups, no scene floor, no full room, no characters, no text labels. limited ink-and-wash noir palette: bone paper white #E4DCC8, wet black #0C1013, harbor slate #2A3A40, absinthe green #7D9B4E only for wrong light, whale-oil amber #C98A3C only for warmth, no arterial red unless explicitly approved.","whole room, complete environment, final background, camera blur, unreadable tiny detail, modern objects, extra characters, explicit sexual content, arterial red, photoreal gore","Download as GLB to art/src/backgrounds/act_i/source_models/fish_hall/visitor_book_stand.glb. Import into Blender only as helper geometry; final room art still comes from greybox plus paintover."
"church_of_the_drowned_meshy_source_model_church_ledger_desk","R09","church_of_the_drowned","Church ledger desk","art/src/backgrounds/act_i/source_models/church_of_the_drowned/church_ledger_desk.glb","missing","blocked_no_meshy_key","20","10","Create a single reusable 3D source prop for Church of the Drowned on Isla Mordida: Church ledger desk. Fixed-camera point-and-click adventure source asset, stylized 1740s occult harbor noir, strong silhouette, simple readable geometry, usable as Blender blockout/paintover reference, neutral grey material groups, no scene floor, no full room, no characters, no text labels. limited ink-and-wash noir palette: bone paper white #E4DCC8, wet black #0C1013, harbor slate #2A3A40, absinthe green #7D9B4E only for wrong light, whale-oil amber #C98A3C only for warmth, no arterial red unless explicitly approved.","whole room, complete environment, final background, camera blur, unreadable tiny detail, modern objects, extra characters, explicit sexual content, arterial red, photoreal gore","Download as GLB to art/src/backgrounds/act_i/source_models/church_of_the_drowned/church_ledger_desk.glb. Import into Blender only as helper geometry; final room art still comes from greybox plus paintover."
"church_of_the_drowned_meshy_source_model_confession_booth","R09","church_of_the_drowned","confession booth","art/src/backgrounds/act_i/source_models/church_of_the_drowned/confession_booth.glb","missing","blocked_no_meshy_key","20","10","Create a single reusable 3D source prop for Church of the Drowned on Isla Mordida: confession booth. Fixed-camera point-and-click adventure source asset, stylized 1740s occult harbor noir, strong silhouette, simple readable geometry, usable as Blender blockout/paintover reference, neutral grey material groups, no scene floor, no full room, no characters, no text labels. limited ink-and-wash noir palette: bone paper white #E4DCC8, wet black #0C1013, harbor slate #2A3A40, absinthe green #7D9B4E only for wrong light, whale-oil amber #C98A3C only for warmth, no arterial red unless explicitly approved.","whole room, complete environment, final background, camera blur, unreadable tiny detail, modern objects, extra characters, explicit sexual content, arterial red, photoreal gore","Download as GLB to art/src/backgrounds/act_i/source_models/church_of_the_drowned/confession_booth.glb. Import into Blender only as helper geometry; final room art still comes from greybox plus paintover."
"church_of_the_drowned_meshy_source_model_green_lamp_housings","R09","church_of_the_drowned","green lamp housings","art/src/backgrounds/act_i/source_models/church_of_the_drowned/green_lamp_housings.glb","missing","blocked_no_meshy_key","20","10","Create a single reusable 3D source prop for Church of the Drowned on Isla Mordida: green lamp housings. Fixed-camera point-and-click adventure source asset, stylized 1740s occult harbor noir, strong silhouette, simple readable geometry, usable as Blender blockout/paintover reference, neutral grey material groups, no scene floor, no full room, no characters, no text labels. limited ink-and-wash noir palette: bone paper white #E4DCC8, wet black #0C1013, harbor slate #2A3A40, absinthe green #7D9B4E only for wrong light, whale-oil amber #C98A3C only for warmth, no arterial red unless explicitly approved.","whole room, complete environment, final background, camera blur, unreadable tiny detail, modern objects, extra characters, explicit sexual content, arterial red, photoreal gore","Download as GLB to art/src/backgrounds/act_i/source_models/church_of_the_drowned/green_lamp_housings.glb. Import into Blender only as helper geometry; final room art still comes from greybox plus paintover."
"church_of_the_drowned_meshy_source_model_receipt_window","R09","church_of_the_drowned","receipt window","art/src/backgrounds/act_i/source_models/church_of_the_drowned/receipt_window.glb","missing","blocked_no_meshy_key","20","10","Create a single reusable 3D source prop for Church of the Drowned on Isla Mordida: receipt window. Fixed-camera point-and-click adventure source asset, stylized 1740s occult harbor noir, strong silhouette, simple readable geometry, usable as Blender blockout/paintover reference, neutral grey material groups, no scene floor, no full room, no characters, no text labels. limited ink-and-wash noir palette: bone paper white #E4DCC8, wet black #0C1013, harbor slate #2A3A40, absinthe green #7D9B4E only for wrong light, whale-oil amber #C98A3C only for warmth, no arterial red unless explicitly approved.","whole room, complete environment, final background, camera blur, unreadable tiny detail, modern objects, extra characters, explicit sexual content, arterial red, photoreal gore","Download as GLB to art/src/backgrounds/act_i/source_models/church_of_the_drowned/receipt_window.glb. Import into Blender only as helper geometry; final room art still comes from greybox plus paintover."
"grey_float_meshy_source_model_barge_wall_ribs","R10","grey_float","barge wall ribs","art/src/backgrounds/act_i/source_models/grey_float/barge_wall_ribs.glb","missing","blocked_no_meshy_key","20","10","Create a single reusable 3D source prop for The Grey Float on Isla Mordida: barge wall ribs. Fixed-camera point-and-click adventure source asset, stylized 1740s occult harbor noir, strong silhouette, simple readable geometry, usable as Blender blockout/paintover reference, neutral grey material groups, no scene floor, no full room, no characters, no text labels. limited ink-and-wash noir palette: bone paper white #E4DCC8, wet black #0C1013, harbor slate #2A3A40, absinthe green #7D9B4E only for wrong light, whale-oil amber #C98A3C only for warmth, no arterial red unless explicitly approved.","whole room, complete environment, final background, camera blur, unreadable tiny detail, modern objects, extra characters, explicit sexual content, arterial red, photoreal gore","Download as GLB to art/src/backgrounds/act_i/source_models/grey_float/barge_wall_ribs.glb. Import into Blender only as helper geometry; final room art still comes from greybox plus paintover."
"grey_float_meshy_source_model_bathhouse_railings","R10","grey_float","bathhouse railings","art/src/backgrounds/act_i/source_models/grey_float/bathhouse_railings.glb","missing","blocked_no_meshy_key","20","10","Create a single reusable 3D source prop for The Grey Float on Isla Mordida: bathhouse railings. Fixed-camera point-and-click adventure source asset, stylized 1740s occult harbor noir, strong silhouette, simple readable geometry, usable as Blender blockout/paintover reference, neutral grey material groups, no scene floor, no full room, no characters, no text labels. limited ink-and-wash noir palette: bone paper white #E4DCC8, wet black #0C1013, harbor slate #2A3A40, absinthe green #7D9B4E only for wrong light, whale-oil amber #C98A3C only for warmth, no arterial red unless explicitly approved.","whole room, complete environment, final background, camera blur, unreadable tiny detail, modern objects, extra characters, explicit sexual content, arterial red, photoreal gore","Download as GLB to art/src/backgrounds/act_i/source_models/grey_float/bathhouse_railings.glb. Import into Blender only as helper geometry; final room art still comes from greybox plus paintover."
"grey_float_meshy_source_model_lamp_clusters","R10","grey_float","lamp clusters","art/src/backgrounds/act_i/source_models/grey_float/lamp_clusters.glb","missing","blocked_no_meshy_key","20","10","Create a single reusable 3D source prop for The Grey Float on Isla Mordida: lamp clusters. Fixed-camera point-and-click adventure source asset, stylized 1740s occult harbor noir, strong silhouette, simple readable geometry, usable as Blender blockout/paintover reference, neutral grey material groups, no scene floor, no full room, no characters, no text labels. limited ink-and-wash noir palette: bone paper white #E4DCC8, wet black #0C1013, harbor slate #2A3A40, absinthe green #7D9B4E only for wrong light, whale-oil amber #C98A3C only for warmth, no arterial red unless explicitly approved.","whole room, complete environment, final background, camera blur, unreadable tiny detail, modern objects, extra characters, explicit sexual content, arterial red, photoreal gore","Download as GLB to art/src/backgrounds/act_i/source_models/grey_float/lamp_clusters.glb. Import into Blender only as helper geometry; final room art still comes from greybox plus paintover."
"grey_float_meshy_source_model_steam_screen_partitions","R10","grey_float","steam-screen partitions","art/src/backgrounds/act_i/source_models/grey_float/steam_screen_partitions.glb","missing","blocked_no_meshy_key","20","10","Create a single reusable 3D source prop for The Grey Float on Isla Mordida: steam-screen partitions. Fixed-camera point-and-click adventure source asset, stylized 1740s occult harbor noir, strong silhouette, simple readable geometry, usable as Blender blockout/paintover reference, neutral grey material groups, no scene floor, no full room, no characters, no text labels. limited ink-and-wash noir palette: bone paper white #E4DCC8, wet black #0C1013, harbor slate #2A3A40, absinthe green #7D9B4E only for wrong light, whale-oil amber #C98A3C only for warmth, no arterial red unless explicitly approved.","whole room, complete environment, final background, camera blur, unreadable tiny detail, modern objects, extra characters, explicit sexual content, arterial red, photoreal gore","Download as GLB to art/src/backgrounds/act_i/source_models/grey_float/steam_screen_partitions.glb. Import into Blender only as helper geometry; final room art still comes from greybox plus paintover."
"harbormaster_office_meshy_source_model_checklist_board","R11","harbormaster_office","checklist board","art/src/backgrounds/act_i/source_models/harbormaster_office/checklist_board.glb","missing","blocked_no_meshy_key","20","10","Create a single reusable 3D source prop for Harbormaster's Office on Isla Mordida: checklist board. Fixed-camera point-and-click adventure source asset, stylized 1740s occult harbor noir, strong silhouette, simple readable geometry, usable as Blender blockout/paintover reference, neutral grey material groups, no scene floor, no full room, no characters, no text labels. limited ink-and-wash noir palette: bone paper white #E4DCC8, wet black #0C1013, harbor slate #2A3A40, absinthe green #7D9B4E only for wrong light, whale-oil amber #C98A3C only for warmth, no arterial red unless explicitly approved.","whole room, complete environment, final background, camera blur, unreadable tiny detail, modern objects, extra characters, explicit sexual content, arterial red, photoreal gore","Download as GLB to art/src/backgrounds/act_i/source_models/harbormaster_office/checklist_board.glb. Import into Blender only as helper geometry; final room art still comes from greybox plus paintover."
"harbormaster_office_meshy_source_model_filing_wall","R11","harbormaster_office","filing wall","art/src/backgrounds/act_i/source_models/harbormaster_office/filing_wall.glb","missing","blocked_no_meshy_key","20","10","Create a single reusable 3D source prop for Harbormaster's Office on Isla Mordida: filing wall. Fixed-camera point-and-click adventure source asset, stylized 1740s occult harbor noir, strong silhouette, simple readable geometry, usable as Blender blockout/paintover reference, neutral grey material groups, no scene floor, no full room, no characters, no text labels. limited ink-and-wash noir palette: bone paper white #E4DCC8, wet black #0C1013, harbor slate #2A3A40, absinthe green #7D9B4E only for wrong light, whale-oil amber #C98A3C only for warmth, no arterial red unless explicitly approved.","whole room, complete environment, final background, camera blur, unreadable tiny detail, modern objects, extra characters, explicit sexual content, arterial red, photoreal gore","Download as GLB to art/src/backgrounds/act_i/source_models/harbormaster_office/filing_wall.glb. Import into Blender only as helper geometry; final room art still comes from greybox plus paintover."
"harbormaster_office_meshy_source_model_frosted_glass_door","R11","harbormaster_office","frosted glass door","art/src/backgrounds/act_i/source_models/harbormaster_office/frosted_glass_door.glb","missing","blocked_no_meshy_key","20","10","Create a single reusable 3D source prop for Harbormaster's Office on Isla Mordida: frosted glass door. Fixed-camera point-and-click adventure source asset, stylized 1740s occult harbor noir, strong silhouette, simple readable geometry, usable as Blender blockout/paintover reference, neutral grey material groups, no scene floor, no full room, no characters, no text labels. limited ink-and-wash noir palette: bone paper white #E4DCC8, wet black #0C1013, harbor slate #2A3A40, absinthe green #7D9B4E only for wrong light, whale-oil amber #C98A3C only for warmth, no arterial red unless explicitly approved.","whole room, complete environment, final background, camera blur, unreadable tiny detail, modern objects, extra characters, explicit sexual content, arterial red, photoreal gore","Download as GLB to art/src/backgrounds/act_i/source_models/harbormaster_office/frosted_glass_door.glb. Import into Blender only as helper geometry; final room art still comes from greybox plus paintover."
"harbormaster_office_meshy_source_model_office_desk","R11","harbormaster_office","office desk","art/src/backgrounds/act_i/source_models/harbormaster_office/office_desk.glb","missing","blocked_no_meshy_key","20","10","Create a single reusable 3D source prop for Harbormaster's Office on Isla Mordida: office desk. Fixed-camera point-and-click adventure source asset, stylized 1740s occult harbor noir, strong silhouette, simple readable geometry, usable as Blender blockout/paintover reference, neutral grey material groups, no scene floor, no full room, no characters, no text labels. limited ink-and-wash noir palette: bone paper white #E4DCC8, wet black #0C1013, harbor slate #2A3A40, absinthe green #7D9B4E only for wrong light, whale-oil amber #C98A3C only for warmth, no arterial red unless explicitly approved.","whole room, complete environment, final background, camera blur, unreadable tiny detail, modern objects, extra characters, explicit sexual content, arterial red, photoreal gore","Download as GLB to art/src/backgrounds/act_i/source_models/harbormaster_office/office_desk.glb. Import into Blender only as helper geometry; final room art still comes from greybox plus paintover."
"sabine_office_meshy_source_model_persian_rug_plane","R12","sabine_office","Persian rug plane","art/src/backgrounds/act_i/source_models/sabine_office/persian_rug_plane.glb","missing","blocked_no_meshy_key","20","10","Create a single reusable 3D source prop for Sabine's Office on Isla Mordida: Persian rug plane. Fixed-camera point-and-click adventure source asset, stylized 1740s occult harbor noir, strong silhouette, simple readable geometry, usable as Blender blockout/paintover reference, neutral grey material groups, no scene floor, no full room, no characters, no text labels. limited ink-and-wash noir palette: bone paper white #E4DCC8, wet black #0C1013, harbor slate #2A3A40, absinthe green #7D9B4E only for wrong light, whale-oil amber #C98A3C only for warmth, no arterial red unless explicitly approved.","whole room, complete environment, final background, camera blur, unreadable tiny detail, modern objects, extra characters, explicit sexual content, arterial red, photoreal gore","Download as GLB to art/src/backgrounds/act_i/source_models/sabine_office/persian_rug_plane.glb. Import into Blender only as helper geometry; final room art still comes from greybox plus paintover."
"sabine_office_meshy_source_model_sabine_desk","R12","sabine_office","Sabine desk","art/src/backgrounds/act_i/source_models/sabine_office/sabine_desk.glb","missing","blocked_no_meshy_key","20","10","Create a single reusable 3D source prop for Sabine's Office on Isla Mordida: Sabine desk. Fixed-camera point-and-click adventure source asset, stylized 1740s occult harbor noir, strong silhouette, simple readable geometry, usable as Blender blockout/paintover reference, neutral grey material groups, no scene floor, no full room, no characters, no text labels. limited ink-and-wash noir palette: bone paper white #E4DCC8, wet black #0C1013, harbor slate #2A3A40, absinthe green #7D9B4E only for wrong light, whale-oil amber #C98A3C only for warmth, no arterial red unless explicitly approved.","whole room, complete environment, final background, camera blur, unreadable tiny detail, modern objects, extra characters, explicit sexual content, arterial red, photoreal gore","Download as GLB to art/src/backgrounds/act_i/source_models/sabine_office/sabine_desk.glb. Import into Blender only as helper geometry; final room art still comes from greybox plus paintover."
"sabine_office_meshy_source_model_window_frame","R12","sabine_office","window frame","art/src/backgrounds/act_i/source_models/sabine_office/window_frame.glb","missing","blocked_no_meshy_key","20","10","Create a single reusable 3D source prop for Sabine's Office on Isla Mordida: window frame. Fixed-camera point-and-click adventure source asset, stylized 1740s occult harbor noir, strong silhouette, simple readable geometry, usable as Blender blockout/paintover reference, neutral grey material groups, no scene floor, no full room, no characters, no text labels. limited ink-and-wash noir palette: bone paper white #E4DCC8, wet black #0C1013, harbor slate #2A3A40, absinthe green #7D9B4E only for wrong light, whale-oil amber #C98A3C only for warmth, no arterial red unless explicitly approved.","whole room, complete environment, final background, camera blur, unreadable tiny detail, modern objects, extra characters, explicit sexual content, arterial red, photoreal gore","Download as GLB to art/src/backgrounds/act_i/source_models/sabine_office/window_frame.glb. Import into Blender only as helper geometry; final room art still comes from greybox plus paintover."
"sabine_office_meshy_source_model_wrist_check_staging_chair","R12","sabine_office","wrist-check staging chair","art/src/backgrounds/act_i/source_models/sabine_office/wrist_check_staging_chair.glb","missing","blocked_no_meshy_key","20","10","Create a single reusable 3D source prop for Sabine's Office on Isla Mordida: wrist-check staging chair. Fixed-camera point-and-click adventure source asset, stylized 1740s occult harbor noir, strong silhouette, simple readable geometry, usable as Blender blockout/paintover reference, neutral grey material groups, no scene floor, no full room, no characters, no text labels. limited ink-and-wash noir palette: bone paper white #E4DCC8, wet black #0C1013, harbor slate #2A3A40, absinthe green #7D9B4E only for wrong light, whale-oil amber #C98A3C only for warmth, no arterial red unless explicitly approved.","whole room, complete environment, final background, camera blur, unreadable tiny detail, modern objects, extra characters, explicit sexual content, arterial red, photoreal gore","Download as GLB to art/src/backgrounds/act_i/source_models/sabine_office/wrist_check_staging_chair.glb. Import into Blender only as helper geometry; final room art still comes from greybox plus paintover."
