"id","batch_id","room_code","room_id","room_title","kind","tool","name","acquisition_phase","acquisition_lane","priority_order","blocking_rule","source_status","content_status","source_path","source_directory","dropzone_readme","runtime_path","placement_target","runtime_policy","review_gate","handoff_check"
"mudflats_meshy_source_model_bollard_silhouettes","R01_A_meshy_helper_geometry","R01","mudflats","Mudflats","meshy_source_model","Meshy","bollard silhouettes","generate_now","A_meshy_helper_geometry","10","can_acquire_before_human_review","ready_to_generate","missing","art/src/backgrounds/act_i/source_models/mudflats/bollard_silhouettes.glb","art/src/backgrounds/act_i/source_models/mudflats","art/src/backgrounds/act_i/source_models/mudflats/README.md","","art/src/backgrounds/act_i/blockouts/mudflats.blend","never_import_directly_to_godot","open_room_blend_and_confirm_scale_silhouette_palette_before_paintover","import into the room Blender blockout as helper geometry only"
"mudflats_meshy_source_model_distant_leviathan_ribs","R01_A_meshy_helper_geometry","R01","mudflats","Mudflats","meshy_source_model","Meshy","distant leviathan ribs","generate_now","A_meshy_helper_geometry","10","can_acquire_before_human_review","ready_to_generate","missing","art/src/backgrounds/act_i/source_models/mudflats/distant_leviathan_ribs.glb","art/src/backgrounds/act_i/source_models/mudflats","art/src/backgrounds/act_i/source_models/mudflats/README.md","","art/src/backgrounds/act_i/blockouts/mudflats.blend","never_import_directly_to_godot","open_room_blend_and_confirm_scale_silhouette_palette_before_paintover","import into the room Blender blockout as helper geometry only"
"mudflats_meshy_source_model_mud_ridge_reference_forms","R01_A_meshy_helper_geometry","R01","mudflats","Mudflats","meshy_source_model","Meshy","mud ridge reference forms","generate_now","A_meshy_helper_geometry","10","can_acquire_before_human_review","ready_to_generate","missing","art/src/backgrounds/act_i/source_models/mudflats/mud_ridge_reference_forms.glb","art/src/backgrounds/act_i/source_models/mudflats","art/src/backgrounds/act_i/source_models/mudflats/README.md","","art/src/backgrounds/act_i/blockouts/mudflats.blend","never_import_directly_to_godot","open_room_blend_and_confirm_scale_silhouette_palette_before_paintover","import into the room Blender blockout as helper geometry only"
"mudflats_generated_reference_cold_horizon_wash","R01_B_reference_board","R01","mudflats","Mudflats","generated_reference","imagegen","cold horizon wash","generate_now","B_reference_board","20","can_acquire_before_human_review","ready_to_generate","missing","docs/art/reference/act_i/mudflats/cold_horizon_wash.png","docs/art/reference/act_i/mudflats","docs/art/reference/act_i/mudflats/README.md","","docs/art/reference/act_i/mudflats","never_import_directly_to_godot","compare_against_locked_palette_and_existing_hotspot_readability","review as mood or texture reference only, never as a final room plate"
"mudflats_generated_reference_dawn_haze","R01_B_reference_board","R01","mudflats","Mudflats","generated_reference","imagegen","dawn haze","generate_now","B_reference_board","20","can_acquire_before_human_review","ready_to_generate","missing","docs/art/reference/act_i/mudflats/dawn_haze.png","docs/art/reference/act_i/mudflats","docs/art/reference/act_i/mudflats/README.md","","docs/art/reference/act_i/mudflats","never_import_directly_to_godot","compare_against_locked_palette_and_existing_hotspot_readability","review as mood or texture reference only, never as a final room plate"
"mudflats_generated_reference_wet_silt_texture","R01_B_reference_board","R01","mudflats","Mudflats","generated_reference","imagegen","wet silt texture","generate_now","B_reference_board","20","can_acquire_before_human_review","ready_to_generate","missing","docs/art/reference/act_i/mudflats/wet_silt_texture.png","docs/art/reference/act_i/mudflats","docs/art/reference/act_i/mudflats/README.md","","docs/art/reference/act_i/mudflats","never_import_directly_to_godot","compare_against_locked_palette_and_existing_hotspot_readability","review as mood or texture reference only, never as a final room plate"
"mudflats_interactive_layer_road_to_the_salt_market","R01_C_interactive_runtime_layer","R01","mudflats","Mudflats","interactive_layer","paintover","road to the Salt Market","hold_for_room_approval","C_interactive_runtime_layer","30","requires_human_room_review_before_source_psd","held_pending_room_review","missing","art/src/backgrounds/act_i/interactive_layers/mudflats/saltmarketexit.psd","art/src/backgrounds/act_i/interactive_layers/mudflats","art/src/backgrounds/act_i/interactive_layers/mudflats/README.md","game/rooms/mudflats/props/saltmarketexit.png","game/rooms/mudflats/props/saltmarketexit.png","export_separate_png_and_preserve_godot_hotspot_metadata","verify alpha, bounds, hotspot center alignment, and role readability in Godot","export separate PNG and verify hotspot alignment in Godot"
"old_quay_meshy_source_model_bollard_row","R02_A_meshy_helper_geometry","R02","old_quay","The Old Quay","meshy_source_model","Meshy","bollard row","generate_now","A_meshy_helper_geometry","10","can_acquire_before_human_review","ready_to_generate","missing","art/src/backgrounds/act_i/source_models/old_quay/bollard_row.glb","art/src/backgrounds/act_i/source_models/old_quay","art/src/backgrounds/act_i/source_models/old_quay/README.md","","art/src/backgrounds/act_i/blockouts/old_quay.blend","never_import_directly_to_godot","open_room_blend_and_confirm_scale_silhouette_palette_before_paintover","import into the room Blender blockout as helper geometry only"
"old_quay_meshy_source_model_dock_pilings","R02_A_meshy_helper_geometry","R02","old_quay","The Old Quay","meshy_source_model","Meshy","dock pilings","generate_now","A_meshy_helper_geometry","10","can_acquire_before_human_review","ready_to_generate","missing","art/src/backgrounds/act_i/source_models/old_quay/dock_pilings.glb","art/src/backgrounds/act_i/source_models/old_quay","art/src/backgrounds/act_i/source_models/old_quay/README.md","","art/src/backgrounds/act_i/blockouts/old_quay.blend","never_import_directly_to_godot","open_room_blend_and_confirm_scale_silhouette_palette_before_paintover","import into the room Blender blockout as helper geometry only"
"old_quay_meshy_source_model_harbor_rail_fragments","R02_A_meshy_helper_geometry","R02","old_quay","The Old Quay","meshy_source_model","Meshy","harbor rail fragments","generate_now","A_meshy_helper_geometry","10","can_acquire_before_human_review","ready_to_generate","missing","art/src/backgrounds/act_i/source_models/old_quay/harbor_rail_fragments.glb","art/src/backgrounds/act_i/source_models/old_quay","art/src/backgrounds/act_i/source_models/old_quay/README.md","","art/src/backgrounds/act_i/blockouts/old_quay.blend","never_import_directly_to_godot","open_room_blend_and_confirm_scale_silhouette_palette_before_paintover","import into the room Blender blockout as helper geometry only"
"old_quay_meshy_source_model_rope_cleat","R02_A_meshy_helper_geometry","R02","old_quay","The Old Quay","meshy_source_model","Meshy","rope cleat","generate_now","A_meshy_helper_geometry","10","can_acquire_before_human_review","ready_to_generate","missing","art/src/backgrounds/act_i/source_models/old_quay/rope_cleat.glb","art/src/backgrounds/act_i/source_models/old_quay","art/src/backgrounds/act_i/source_models/old_quay/README.md","","art/src/backgrounds/act_i/blockouts/old_quay.blend","never_import_directly_to_godot","open_room_blend_and_confirm_scale_silhouette_palette_before_paintover","import into the room Blender blockout as helper geometry only"
"old_quay_generated_reference_grime_texture","R02_B_reference_board","R02","old_quay","The Old Quay","generated_reference","imagegen","grime texture","generate_now","B_reference_board","20","can_acquire_before_human_review","ready_to_generate","missing","docs/art/reference/act_i/old_quay/grime_texture.png","docs/art/reference/act_i/old_quay","docs/art/reference/act_i/old_quay/README.md","","docs/art/reference/act_i/old_quay","never_import_directly_to_godot","compare_against_locked_palette_and_existing_hotspot_readability","review as mood or texture reference only, never as a final room plate"
"old_quay_generated_reference_ink_wash_edge_breakup","R02_B_reference_board","R02","old_quay","The Old Quay","generated_reference","imagegen","ink-wash edge breakup","generate_now","B_reference_board","20","can_acquire_before_human_review","ready_to_generate","missing","docs/art/reference/act_i/old_quay/ink_wash_edge_breakup.png","docs/art/reference/act_i/old_quay","docs/art/reference/act_i/old_quay/README.md","","docs/art/reference/act_i/old_quay","never_import_directly_to_godot","compare_against_locked_palette_and_existing_hotspot_readability","review as mood or texture reference only, never as a final room plate"
"old_quay_generated_reference_non_clickable_dressing_silhouettes","R02_B_reference_board","R02","old_quay","The Old Quay","generated_reference","imagegen","non-clickable dressing silhouettes","generate_now","B_reference_board","20","can_acquire_before_human_review","ready_to_generate","missing","docs/art/reference/act_i/old_quay/non_clickable_dressing_silhouettes.png","docs/art/reference/act_i/old_quay","docs/art/reference/act_i/old_quay/README.md","","docs/art/reference/act_i/old_quay","never_import_directly_to_godot","compare_against_locked_palette_and_existing_hotspot_readability","review as mood or texture reference only, never as a final room plate"
"old_quay_generated_reference_palette_safe_mood_reference","R02_B_reference_board","R02","old_quay","The Old Quay","generated_reference","imagegen","palette-safe mood reference","generate_now","B_reference_board","20","can_acquire_before_human_review","ready_to_generate","missing","docs/art/reference/act_i/old_quay/palette_safe_mood_reference.png","docs/art/reference/act_i/old_quay","docs/art/reference/act_i/old_quay/README.md","","docs/art/reference/act_i/old_quay","never_import_directly_to_godot","compare_against_locked_palette_and_existing_hotspot_readability","review as mood or texture reference only, never as a final room plate"
"old_quay_interactive_layer_bollard_tomas","R02_C_interactive_runtime_layer","R02","old_quay","The Old Quay","interactive_layer","paintover","Bollard Tomas","hold_for_room_approval","C_interactive_runtime_layer","30","requires_human_room_review_before_source_psd","held_pending_room_review","missing","art/src/backgrounds/act_i/interactive_layers/old_quay/tomas.psd","art/src/backgrounds/act_i/interactive_layers/old_quay","art/src/backgrounds/act_i/interactive_layers/old_quay/README.md","game/rooms/old_quay/props/tomas.png","game/rooms/old_quay/props/tomas.png","export_separate_png_and_preserve_godot_hotspot_metadata","verify alpha, bounds, hotspot center alignment, and role readability in Godot","export separate PNG and verify hotspot alignment in Godot"
"old_quay_interactive_layer_empty_flask","R02_C_interactive_runtime_layer","R02","old_quay","The Old Quay","interactive_layer","paintover","Empty flask","hold_for_room_approval","C_interactive_runtime_layer","30","requires_human_room_review_before_source_psd","held_pending_room_review","missing","art/src/backgrounds/act_i/interactive_layers/old_quay/flask.psd","art/src/backgrounds/act_i/interactive_layers/old_quay","art/src/backgrounds/act_i/interactive_layers/old_quay/README.md","game/rooms/old_quay/props/flask.png","game/rooms/old_quay/props/flask.png","export_separate_png_and_preserve_godot_hotspot_metadata","verify alpha, bounds, hotspot center alignment, and role readability in Godot","export separate PNG and verify hotspot alignment in Godot"
"old_quay_interactive_layer_rope_cleat","R02_C_interactive_runtime_layer","R02","old_quay","The Old Quay","interactive_layer","paintover","Rope cleat","hold_for_room_approval","C_interactive_runtime_layer","30","requires_human_room_review_before_source_psd","held_pending_room_review","missing","art/src/backgrounds/act_i/interactive_layers/old_quay/ropecleat.psd","art/src/backgrounds/act_i/interactive_layers/old_quay","art/src/backgrounds/act_i/interactive_layers/old_quay/README.md","game/rooms/old_quay/props/ropecleat.png","game/rooms/old_quay/props/ropecleat.png","export_separate_png_and_preserve_godot_hotspot_metadata","verify alpha, bounds, hotspot center alignment, and role readability in Godot","export separate PNG and verify hotspot alignment in Godot"
"old_quay_navigation_silhouette_mudflats","R02_D_navigation_readability_layer","R02","old_quay","The Old Quay","navigation_silhouette","paintover","Mudflats","hold_for_room_approval","D_navigation_readability_layer","40","requires_human_room_review_before_source_psd","held_pending_room_review","missing","art/src/backgrounds/act_i/navigation_silhouettes/old_quay/tomudflats.psd","art/src/backgrounds/act_i/navigation_silhouettes/old_quay","art/src/backgrounds/act_i/navigation_silhouettes/old_quay/README.md","game/rooms/old_quay/background/old_quay_bg.png","game/rooms/old_quay/background/old_quay_bg.png","preserve_existing_exit_metadata","verify visible exit affordance, walk-band clarity, and no new unplanned route","preserve existing exit metadata and walk-band readability"
"old_quay_navigation_silhouette_salt_market","R02_D_navigation_readability_layer","R02","old_quay","The Old Quay","navigation_silhouette","paintover","Salt Market","hold_for_room_approval","D_navigation_readability_layer","40","requires_human_room_review_before_source_psd","held_pending_room_review","missing","art/src/backgrounds/act_i/navigation_silhouettes/old_quay/tosaltmarket.psd","art/src/backgrounds/act_i/navigation_silhouettes/old_quay","art/src/backgrounds/act_i/navigation_silhouettes/old_quay/README.md","game/rooms/old_quay/background/old_quay_bg.png","game/rooms/old_quay/background/old_quay_bg.png","preserve_existing_exit_metadata","verify visible exit affordance, walk-band clarity, and no new unplanned route","preserve existing exit metadata and walk-band readability"
"salt_market_meshy_source_model_boot_stall","R03_A_meshy_helper_geometry","R03","salt_market","Salt Market","meshy_source_model","Meshy","boot stall","generate_now","A_meshy_helper_geometry","10","can_acquire_before_human_review","ready_to_generate","missing","art/src/backgrounds/act_i/source_models/salt_market/boot_stall.glb","art/src/backgrounds/act_i/source_models/salt_market","art/src/backgrounds/act_i/source_models/salt_market/README.md","","art/src/backgrounds/act_i/blockouts/salt_market.blend","never_import_directly_to_godot","open_room_blend_and_confirm_scale_silhouette_palette_before_paintover","import into the room Blender blockout as helper geometry only"
"salt_market_meshy_source_model_crowd_silhouette_blockers","R03_A_meshy_helper_geometry","R03","salt_market","Salt Market","meshy_source_model","Meshy","crowd silhouette blockers","generate_now","A_meshy_helper_geometry","10","can_acquire_before_human_review","ready_to_generate","missing","art/src/backgrounds/act_i/source_models/salt_market/crowd_silhouette_blockers.glb","art/src/backgrounds/act_i/source_models/salt_market","art/src/backgrounds/act_i/source_models/salt_market/README.md","","art/src/backgrounds/act_i/blockouts/salt_market.blend","never_import_directly_to_godot","open_room_blend_and_confirm_scale_silhouette_palette_before_paintover","import into the room Blender blockout as helper geometry only"
"salt_market_meshy_source_model_hanging_lamps","R03_A_meshy_helper_geometry","R03","salt_market","Salt Market","meshy_source_model","Meshy","hanging lamps","generate_now","A_meshy_helper_geometry","10","can_acquire_before_human_review","ready_to_generate","missing","art/src/backgrounds/act_i/source_models/salt_market/hanging_lamps.glb","art/src/backgrounds/act_i/source_models/salt_market","art/src/backgrounds/act_i/source_models/salt_market/README.md","","art/src/backgrounds/act_i/blockouts/salt_market.blend","never_import_directly_to_godot","open_room_blend_and_confirm_scale_silhouette_palette_before_paintover","import into the room Blender blockout as helper geometry only"
"salt_market_meshy_source_model_market_stall_shells","R03_A_meshy_helper_geometry","R03","salt_market","Salt Market","meshy_source_model","Meshy","market stall shells","generate_now","A_meshy_helper_geometry","10","can_acquire_before_human_review","ready_to_generate","missing","art/src/backgrounds/act_i/source_models/salt_market/market_stall_shells.glb","art/src/backgrounds/act_i/source_models/salt_market","art/src/backgrounds/act_i/source_models/salt_market/README.md","","art/src/backgrounds/act_i/blockouts/salt_market.blend","never_import_directly_to_godot","open_room_blend_and_confirm_scale_silhouette_palette_before_paintover","import into the room Blender blockout as helper geometry only"
"salt_market_generated_reference_market_awning_texture","R03_B_reference_board","R03","salt_market","Salt Market","generated_reference","imagegen","market awning texture","generate_now","B_reference_board","20","can_acquire_before_human_review","ready_to_generate","missing","docs/art/reference/act_i/salt_market/market_awning_texture.png","docs/art/reference/act_i/salt_market","docs/art/reference/act_i/salt_market/README.md","","docs/art/reference/act_i/salt_market","never_import_directly_to_godot","compare_against_locked_palette_and_existing_hotspot_readability","review as mood or texture reference only, never as a final room plate"
"salt_market_generated_reference_public_crowd_mood","R03_B_reference_board","R03","salt_market","Salt Market","generated_reference","imagegen","public crowd mood","generate_now","B_reference_board","20","can_acquire_before_human_review","ready_to_generate","missing","docs/art/reference/act_i/salt_market/public_crowd_mood.png","docs/art/reference/act_i/salt_market","docs/art/reference/act_i/salt_market/README.md","","docs/art/reference/act_i/salt_market","never_import_directly_to_godot","compare_against_locked_palette_and_existing_hotspot_readability","review as mood or texture reference only, never as a final room plate"
"salt_market_generated_reference_salt_signage_grime","R03_B_reference_board","R03","salt_market","Salt Market","generated_reference","imagegen","salt signage grime","generate_now","B_reference_board","20","can_acquire_before_human_review","ready_to_generate","missing","docs/art/reference/act_i/salt_market/salt_signage_grime.png","docs/art/reference/act_i/salt_market","docs/art/reference/act_i/salt_market/README.md","","docs/art/reference/act_i/salt_market","never_import_directly_to_godot","compare_against_locked_palette_and_existing_hotspot_readability","review as mood or texture reference only, never as a final room plate"
"salt_market_interactive_layer_boot_stall","R03_C_interactive_runtime_layer","R03","salt_market","Salt Market","interactive_layer","paintover","Boot stall","hold_for_room_approval","C_interactive_runtime_layer","30","requires_human_room_review_before_source_psd","held_pending_room_review","missing","art/src/backgrounds/act_i/interactive_layers/salt_market/bootstall.psd","art/src/backgrounds/act_i/interactive_layers/salt_market","art/src/backgrounds/act_i/interactive_layers/salt_market/README.md","game/rooms/salt_market/props/bootstall.png","game/rooms/salt_market/props/bootstall.png","export_separate_png_and_preserve_godot_hotspot_metadata","verify alpha, bounds, hotspot center alignment, and role readability in Godot","export separate PNG and verify hotspot alignment in Godot"
"salt_market_interactive_layer_church_sign","R03_C_interactive_runtime_layer","R03","salt_market","Salt Market","interactive_layer","paintover","Church sign","hold_for_room_approval","C_interactive_runtime_layer","30","requires_human_room_review_before_source_psd","held_pending_room_review","missing","art/src/backgrounds/act_i/interactive_layers/salt_market/churchsign.psd","art/src/backgrounds/act_i/interactive_layers/salt_market","art/src/backgrounds/act_i/interactive_layers/salt_market/README.md","game/rooms/salt_market/props/churchsign.png","game/rooms/salt_market/props/churchsign.png","export_separate_png_and_preserve_godot_hotspot_metadata","verify alpha, bounds, hotspot center alignment, and role readability in Godot","export separate PNG and verify hotspot alignment in Godot"
"salt_market_interactive_layer_confession_queue","R03_C_interactive_runtime_layer","R03","salt_market","Salt Market","interactive_layer","paintover","Confession queue","hold_for_room_approval","C_interactive_runtime_layer","30","requires_human_room_review_before_source_psd","held_pending_room_review","missing","art/src/backgrounds/act_i/interactive_layers/salt_market/confessionqueue.psd","art/src/backgrounds/act_i/interactive_layers/salt_market","art/src/backgrounds/act_i/interactive_layers/salt_market/README.md","game/rooms/salt_market/props/confessionqueue.png","game/rooms/salt_market/props/confessionqueue.png","export_separate_png_and_preserve_godot_hotspot_metadata","verify alpha, bounds, hotspot center alignment, and role readability in Godot","export separate PNG and verify hotspot alignment in Godot"
"salt_market_interactive_layer_crowd","R03_C_interactive_runtime_layer","R03","salt_market","Salt Market","interactive_layer","paintover","Crowd","hold_for_room_approval","C_interactive_runtime_layer","30","requires_human_room_review_before_source_psd","held_pending_room_review","missing","art/src/backgrounds/act_i/interactive_layers/salt_market/marketcrowd.psd","art/src/backgrounds/act_i/interactive_layers/salt_market","art/src/backgrounds/act_i/interactive_layers/salt_market/README.md","game/rooms/salt_market/props/marketcrowd.png","game/rooms/salt_market/props/marketcrowd.png","export_separate_png_and_preserve_godot_hotspot_metadata","verify alpha, bounds, hotspot center alignment, and role readability in Godot","export separate PNG and verify hotspot alignment in Godot"
"salt_market_interactive_layer_fishmonger","R03_C_interactive_runtime_layer","R03","salt_market","Salt Market","interactive_layer","paintover","Fishmonger","hold_for_room_approval","C_interactive_runtime_layer","30","requires_human_room_review_before_source_psd","held_pending_room_review","missing","art/src/backgrounds/act_i/interactive_layers/salt_market/fishmonger.psd","art/src/backgrounds/act_i/interactive_layers/salt_market","art/src/backgrounds/act_i/interactive_layers/salt_market/README.md","game/rooms/salt_market/props/fishmonger.png","game/rooms/salt_market/props/fishmonger.png","export_separate_png_and_preserve_godot_hotspot_metadata","verify alpha, bounds, hotspot center alignment, and role readability in Godot","export separate PNG and verify hotspot alignment in Godot"
"salt_market_navigation_silhouette_almshouse","R03_D_navigation_readability_layer","R03","salt_market","Salt Market","navigation_silhouette","paintover","Almshouse","hold_for_room_approval","D_navigation_readability_layer","40","requires_human_room_review_before_source_psd","held_pending_room_review","missing","art/src/backgrounds/act_i/navigation_silhouettes/salt_market/toalmshouse.psd","art/src/backgrounds/act_i/navigation_silhouettes/salt_market","art/src/backgrounds/act_i/navigation_silhouettes/salt_market/README.md","game/rooms/salt_market/background/salt_market_bg.png","game/rooms/salt_market/background/salt_market_bg.png","preserve_existing_exit_metadata","verify visible exit affordance, walk-band clarity, and no new unplanned route","preserve existing exit metadata and walk-band readability"
"salt_market_navigation_silhouette_bone_chandler","R03_D_navigation_readability_layer","R03","salt_market","Salt Market","navigation_silhouette","paintover","Bone Chandler","hold_for_room_approval","D_navigation_readability_layer","40","requires_human_room_review_before_source_psd","held_pending_room_review","missing","art/src/backgrounds/act_i/navigation_silhouettes/salt_market/tochandler.psd","art/src/backgrounds/act_i/navigation_silhouettes/salt_market","art/src/backgrounds/act_i/navigation_silhouettes/salt_market/README.md","game/rooms/salt_market/background/salt_market_bg.png","game/rooms/salt_market/background/salt_market_bg.png","preserve_existing_exit_metadata","verify visible exit affordance, walk-band clarity, and no new unplanned route","preserve existing exit metadata and walk-band readability"
"salt_market_navigation_silhouette_church","R03_D_navigation_readability_layer","R03","salt_market","Salt Market","navigation_silhouette","paintover","Church","hold_for_room_approval","D_navigation_readability_layer","40","requires_human_room_review_before_source_psd","held_pending_room_review","missing","art/src/backgrounds/act_i/navigation_silhouettes/salt_market/tochurch.psd","art/src/backgrounds/act_i/navigation_silhouettes/salt_market","art/src/backgrounds/act_i/navigation_silhouettes/salt_market/README.md","game/rooms/salt_market/background/salt_market_bg.png","game/rooms/salt_market/background/salt_market_bg.png","preserve_existing_exit_metadata","verify visible exit affordance, walk-band clarity, and no new unplanned route","preserve existing exit metadata and walk-band readability"
"salt_market_navigation_silhouette_fish_hall","R03_D_navigation_readability_layer","R03","salt_market","Salt Market","navigation_silhouette","paintover","Fish Hall","hold_for_room_approval","D_navigation_readability_layer","40","requires_human_room_review_before_source_psd","held_pending_room_review","missing","art/src/backgrounds/act_i/navigation_silhouettes/salt_market/tofishhall.psd","art/src/backgrounds/act_i/navigation_silhouettes/salt_market","art/src/backgrounds/act_i/navigation_silhouettes/salt_market/README.md","game/rooms/salt_market/background/salt_market_bg.png","game/rooms/salt_market/background/salt_market_bg.png","preserve_existing_exit_metadata","verify visible exit affordance, walk-band clarity, and no new unplanned route","preserve existing exit metadata and walk-band readability"
"salt_market_navigation_silhouette_old_quay","R03_D_navigation_readability_layer","R03","salt_market","Salt Market","navigation_silhouette","paintover","Old Quay","hold_for_room_approval","D_navigation_readability_layer","40","requires_human_room_review_before_source_psd","held_pending_room_review","missing","art/src/backgrounds/act_i/navigation_silhouettes/salt_market/tooldquay.psd","art/src/backgrounds/act_i/navigation_silhouettes/salt_market","art/src/backgrounds/act_i/navigation_silhouettes/salt_market/README.md","game/rooms/salt_market/background/salt_market_bg.png","game/rooms/salt_market/background/salt_market_bg.png","preserve_existing_exit_metadata","verify visible exit affordance, walk-band clarity, and no new unplanned route","preserve existing exit metadata and walk-band readability"
"salt_market_navigation_silhouette_registry","R03_D_navigation_readability_layer","R03","salt_market","Salt Market","navigation_silhouette","paintover","Registry","hold_for_room_approval","D_navigation_readability_layer","40","requires_human_room_review_before_source_psd","held_pending_room_review","missing","art/src/backgrounds/act_i/navigation_silhouettes/salt_market/toregistry.psd","art/src/backgrounds/act_i/navigation_silhouettes/salt_market","art/src/backgrounds/act_i/navigation_silhouettes/salt_market/README.md","game/rooms/salt_market/background/salt_market_bg.png","game/rooms/salt_market/background/salt_market_bg.png","preserve_existing_exit_metadata","verify visible exit affordance, walk-band clarity, and no new unplanned route","preserve existing exit metadata and walk-band readability"
"harbor_registry_meshy_source_model_ledger_stacks","R05_A_meshy_helper_geometry","R05","harbor_registry","Harbor Registry","meshy_source_model","Meshy","ledger stacks","generate_now","A_meshy_helper_geometry","10","can_acquire_before_human_review","ready_to_generate","missing","art/src/backgrounds/act_i/source_models/harbor_registry/ledger_stacks.glb","art/src/backgrounds/act_i/source_models/harbor_registry","art/src/backgrounds/act_i/source_models/harbor_registry/README.md","","art/src/backgrounds/act_i/blockouts/harbor_registry.blend","never_import_directly_to_godot","open_room_blend_and_confirm_scale_silhouette_palette_before_paintover","import into the room Blender blockout as helper geometry only"
"harbor_registry_meshy_source_model_registrar_desk","R05_A_meshy_helper_geometry","R05","harbor_registry","Harbor Registry","meshy_source_model","Meshy","Registrar desk","generate_now","A_meshy_helper_geometry","10","can_acquire_before_human_review","ready_to_generate","missing","art/src/backgrounds/act_i/source_models/harbor_registry/registrar_desk.glb","art/src/backgrounds/act_i/source_models/harbor_registry","art/src/backgrounds/act_i/source_models/harbor_registry/README.md","","art/src/backgrounds/act_i/blockouts/harbor_registry.blend","never_import_directly_to_godot","open_room_blend_and_confirm_scale_silhouette_palette_before_paintover","import into the room Blender blockout as helper geometry only"
"harbor_registry_meshy_source_model_roll_book_lectern","R05_A_meshy_helper_geometry","R05","harbor_registry","Harbor Registry","meshy_source_model","Meshy","roll book lectern","generate_now","A_meshy_helper_geometry","10","can_acquire_before_human_review","ready_to_generate","missing","art/src/backgrounds/act_i/source_models/harbor_registry/roll_book_lectern.glb","art/src/backgrounds/act_i/source_models/harbor_registry","art/src/backgrounds/act_i/source_models/harbor_registry/README.md","","art/src/backgrounds/act_i/blockouts/harbor_registry.blend","never_import_directly_to_godot","open_room_blend_and_confirm_scale_silhouette_palette_before_paintover","import into the room Blender blockout as helper geometry only"
"harbor_registry_meshy_source_model_window_frame","R05_A_meshy_helper_geometry","R05","harbor_registry","Harbor Registry","meshy_source_model","Meshy","window frame","generate_now","A_meshy_helper_geometry","10","can_acquire_before_human_review","ready_to_generate","missing","art/src/backgrounds/act_i/source_models/harbor_registry/window_frame.glb","art/src/backgrounds/act_i/source_models/harbor_registry","art/src/backgrounds/act_i/source_models/harbor_registry/README.md","","art/src/backgrounds/act_i/blockouts/harbor_registry.blend","never_import_directly_to_godot","open_room_blend_and_confirm_scale_silhouette_palette_before_paintover","import into the room Blender blockout as helper geometry only"
"harbor_registry_generated_reference_grime_texture","R05_B_reference_board","R05","harbor_registry","Harbor Registry","generated_reference","imagegen","grime texture","generate_now","B_reference_board","20","can_acquire_before_human_review","ready_to_generate","missing","docs/art/reference/act_i/harbor_registry/grime_texture.png","docs/art/reference/act_i/harbor_registry","docs/art/reference/act_i/harbor_registry/README.md","","docs/art/reference/act_i/harbor_registry","never_import_directly_to_godot","compare_against_locked_palette_and_existing_hotspot_readability","review as mood or texture reference only, never as a final room plate"
"harbor_registry_generated_reference_ink_wash_edge_breakup","R05_B_reference_board","R05","harbor_registry","Harbor Registry","generated_reference","imagegen","ink-wash edge breakup","generate_now","B_reference_board","20","can_acquire_before_human_review","ready_to_generate","missing","docs/art/reference/act_i/harbor_registry/ink_wash_edge_breakup.png","docs/art/reference/act_i/harbor_registry","docs/art/reference/act_i/harbor_registry/README.md","","docs/art/reference/act_i/harbor_registry","never_import_directly_to_godot","compare_against_locked_palette_and_existing_hotspot_readability","review as mood or texture reference only, never as a final room plate"
"harbor_registry_generated_reference_non_clickable_dressing_silhouettes","R05_B_reference_board","R05","harbor_registry","Harbor Registry","generated_reference","imagegen","non-clickable dressing silhouettes","generate_now","B_reference_board","20","can_acquire_before_human_review","ready_to_generate","missing","docs/art/reference/act_i/harbor_registry/non_clickable_dressing_silhouettes.png","docs/art/reference/act_i/harbor_registry","docs/art/reference/act_i/harbor_registry/README.md","","docs/art/reference/act_i/harbor_registry","never_import_directly_to_godot","compare_against_locked_palette_and_existing_hotspot_readability","review as mood or texture reference only, never as a final room plate"
"harbor_registry_generated_reference_palette_safe_mood_reference","R05_B_reference_board","R05","harbor_registry","Harbor Registry","generated_reference","imagegen","palette-safe mood reference","generate_now","B_reference_board","20","can_acquire_before_human_review","ready_to_generate","missing","docs/art/reference/act_i/harbor_registry/palette_safe_mood_reference.png","docs/art/reference/act_i/harbor_registry","docs/art/reference/act_i/harbor_registry/README.md","","docs/art/reference/act_i/harbor_registry","never_import_directly_to_godot","compare_against_locked_palette_and_existing_hotspot_readability","review as mood or texture reference only, never as a final room plate"
"harbor_registry_interactive_layer_desk_lamp","R05_C_interactive_runtime_layer","R05","harbor_registry","Harbor Registry","interactive_layer","paintover","Desk lamp","hold_for_room_approval","C_interactive_runtime_layer","30","requires_human_room_review_before_source_psd","held_pending_room_review","missing","art/src/backgrounds/act_i/interactive_layers/harbor_registry/desklamp.psd","art/src/backgrounds/act_i/interactive_layers/harbor_registry","art/src/backgrounds/act_i/interactive_layers/harbor_registry/README.md","game/rooms/harbor_registry/props/desklamp.png","game/rooms/harbor_registry/props/desklamp.png","export_separate_png_and_preserve_godot_hotspot_metadata","verify alpha, bounds, hotspot center alignment, and role readability in Godot","export separate PNG and verify hotspot alignment in Godot"
"harbor_registry_interactive_layer_kestrel_ledger","R05_C_interactive_runtime_layer","R05","harbor_registry","Harbor Registry","interactive_layer","paintover","Kestrel ledger","hold_for_room_approval","C_interactive_runtime_layer","30","requires_human_room_review_before_source_psd","held_pending_room_review","missing","art/src/backgrounds/act_i/interactive_layers/harbor_registry/kestrelledger.psd","art/src/backgrounds/act_i/interactive_layers/harbor_registry","art/src/backgrounds/act_i/interactive_layers/harbor_registry/README.md","game/rooms/harbor_registry/props/kestrelledger.png","game/rooms/harbor_registry/props/kestrelledger.png","export_separate_png_and_preserve_godot_hotspot_metadata","verify alpha, bounds, hotspot center alignment, and role readability in Godot","export separate PNG and verify hotspot alignment in Godot"
"harbor_registry_interactive_layer_registrar","R05_C_interactive_runtime_layer","R05","harbor_registry","Harbor Registry","interactive_layer","paintover","Registrar","hold_for_room_approval","C_interactive_runtime_layer","30","requires_human_room_review_before_source_psd","held_pending_room_review","missing","art/src/backgrounds/act_i/interactive_layers/harbor_registry/registrar.psd","art/src/backgrounds/act_i/interactive_layers/harbor_registry","art/src/backgrounds/act_i/interactive_layers/harbor_registry/README.md","game/rooms/harbor_registry/props/registrar.png","game/rooms/harbor_registry/props/registrar.png","export_separate_png_and_preserve_godot_hotspot_metadata","verify alpha, bounds, hotspot center alignment, and role readability in Godot","export separate PNG and verify hotspot alignment in Godot"
"harbor_registry_navigation_silhouette_salt_market","R05_D_navigation_readability_layer","R05","harbor_registry","Harbor Registry","navigation_silhouette","paintover","Salt Market","hold_for_room_approval","D_navigation_readability_layer","40","requires_human_room_review_before_source_psd","held_pending_room_review","missing","art/src/backgrounds/act_i/navigation_silhouettes/harbor_registry/tosaltmarket.psd","art/src/backgrounds/act_i/navigation_silhouettes/harbor_registry","art/src/backgrounds/act_i/navigation_silhouettes/harbor_registry/README.md","game/rooms/harbor_registry/background/harbor_registry_bg.png","game/rooms/harbor_registry/background/harbor_registry_bg.png","preserve_existing_exit_metadata","verify visible exit affordance, walk-band clarity, and no new unplanned route","preserve existing exit metadata and walk-band readability"
"bone_chandler_meshy_source_model_bone_shelf_units","R06_A_meshy_helper_geometry","R06","bone_chandler","The Bone Chandler","meshy_source_model","Meshy","bone shelf units","generate_now","A_meshy_helper_geometry","10","can_acquire_before_human_review","ready_to_generate","missing","art/src/backgrounds/act_i/source_models/bone_chandler/bone_shelf_units.glb","art/src/backgrounds/act_i/source_models/bone_chandler","art/src/backgrounds/act_i/source_models/bone_chandler/README.md","","art/src/backgrounds/act_i/blockouts/bone_chandler.blend","never_import_directly_to_godot","open_room_blend_and_confirm_scale_silhouette_palette_before_paintover","import into the room Blender blockout as helper geometry only"
"bone_chandler_meshy_source_model_chess_set_scale_prop","R06_A_meshy_helper_geometry","R06","bone_chandler","The Bone Chandler","meshy_source_model","Meshy","chess set scale prop","generate_now","A_meshy_helper_geometry","10","can_acquire_before_human_review","ready_to_generate","missing","art/src/backgrounds/act_i/source_models/bone_chandler/chess_set_scale_prop.glb","art/src/backgrounds/act_i/source_models/bone_chandler","art/src/backgrounds/act_i/source_models/bone_chandler/README.md","","art/src/backgrounds/act_i/blockouts/bone_chandler.blend","never_import_directly_to_godot","open_room_blend_and_confirm_scale_silhouette_palette_before_paintover","import into the room Blender blockout as helper geometry only"
"bone_chandler_meshy_source_model_prosper_watch_display_block","R06_A_meshy_helper_geometry","R06","bone_chandler","The Bone Chandler","meshy_source_model","Meshy","Prosper watch display block","generate_now","A_meshy_helper_geometry","10","can_acquire_before_human_review","ready_to_generate","missing","art/src/backgrounds/act_i/source_models/bone_chandler/prosper_watch_display_block.glb","art/src/backgrounds/act_i/source_models/bone_chandler","art/src/backgrounds/act_i/source_models/bone_chandler/README.md","","art/src/backgrounds/act_i/blockouts/bone_chandler.blend","never_import_directly_to_godot","open_room_blend_and_confirm_scale_silhouette_palette_before_paintover","import into the room Blender blockout as helper geometry only"
"bone_chandler_meshy_source_model_trade_counter","R06_A_meshy_helper_geometry","R06","bone_chandler","The Bone Chandler","meshy_source_model","Meshy","trade counter","generate_now","A_meshy_helper_geometry","10","can_acquire_before_human_review","ready_to_generate","missing","art/src/backgrounds/act_i/source_models/bone_chandler/trade_counter.glb","art/src/backgrounds/act_i/source_models/bone_chandler","art/src/backgrounds/act_i/source_models/bone_chandler/README.md","","art/src/backgrounds/act_i/blockouts/bone_chandler.blend","never_import_directly_to_godot","open_room_blend_and_confirm_scale_silhouette_palette_before_paintover","import into the room Blender blockout as helper geometry only"
"bone_chandler_generated_reference_grime_texture","R06_B_reference_board","R06","bone_chandler","The Bone Chandler","generated_reference","imagegen","grime texture","generate_now","B_reference_board","20","can_acquire_before_human_review","ready_to_generate","missing","docs/art/reference/act_i/bone_chandler/grime_texture.png","docs/art/reference/act_i/bone_chandler","docs/art/reference/act_i/bone_chandler/README.md","","docs/art/reference/act_i/bone_chandler","never_import_directly_to_godot","compare_against_locked_palette_and_existing_hotspot_readability","review as mood or texture reference only, never as a final room plate"
"bone_chandler_generated_reference_ink_wash_edge_breakup","R06_B_reference_board","R06","bone_chandler","The Bone Chandler","generated_reference","imagegen","ink-wash edge breakup","generate_now","B_reference_board","20","can_acquire_before_human_review","ready_to_generate","missing","docs/art/reference/act_i/bone_chandler/ink_wash_edge_breakup.png","docs/art/reference/act_i/bone_chandler","docs/art/reference/act_i/bone_chandler/README.md","","docs/art/reference/act_i/bone_chandler","never_import_directly_to_godot","compare_against_locked_palette_and_existing_hotspot_readability","review as mood or texture reference only, never as a final room plate"
"bone_chandler_generated_reference_non_clickable_dressing_silhouettes","R06_B_reference_board","R06","bone_chandler","The Bone Chandler","generated_reference","imagegen","non-clickable dressing silhouettes","generate_now","B_reference_board","20","can_acquire_before_human_review","ready_to_generate","missing","docs/art/reference/act_i/bone_chandler/non_clickable_dressing_silhouettes.png","docs/art/reference/act_i/bone_chandler","docs/art/reference/act_i/bone_chandler/README.md","","docs/art/reference/act_i/bone_chandler","never_import_directly_to_godot","compare_against_locked_palette_and_existing_hotspot_readability","review as mood or texture reference only, never as a final room plate"
"bone_chandler_generated_reference_palette_safe_mood_reference","R06_B_reference_board","R06","bone_chandler","The Bone Chandler","generated_reference","imagegen","palette-safe mood reference","generate_now","B_reference_board","20","can_acquire_before_human_review","ready_to_generate","missing","docs/art/reference/act_i/bone_chandler/palette_safe_mood_reference.png","docs/art/reference/act_i/bone_chandler","docs/art/reference/act_i/bone_chandler/README.md","","docs/art/reference/act_i/bone_chandler","never_import_directly_to_godot","compare_against_locked_palette_and_existing_hotspot_readability","review as mood or texture reference only, never as a final room plate"
"bone_chandler_interactive_layer_prosper_s_watch","R06_C_interactive_runtime_layer","R06","bone_chandler","The Bone Chandler","interactive_layer","paintover","Prosper's watch","hold_for_room_approval","C_interactive_runtime_layer","30","requires_human_room_review_before_source_psd","held_pending_room_review","missing","art/src/backgrounds/act_i/interactive_layers/bone_chandler/prosperwatch.psd","art/src/backgrounds/act_i/interactive_layers/bone_chandler","art/src/backgrounds/act_i/interactive_layers/bone_chandler/README.md","game/rooms/bone_chandler/props/prosperwatch.png","game/rooms/bone_chandler/props/prosperwatch.png","export_separate_png_and_preserve_godot_hotspot_metadata","verify alpha, bounds, hotspot center alignment, and role readability in Godot","export separate PNG and verify hotspot alignment in Godot"
"bone_chandler_navigation_silhouette_almshouse","R06_D_navigation_readability_layer","R06","bone_chandler","The Bone Chandler","navigation_silhouette","paintover","Almshouse","hold_for_room_approval","D_navigation_readability_layer","40","requires_human_room_review_before_source_psd","held_pending_room_review","missing","art/src/backgrounds/act_i/navigation_silhouettes/bone_chandler/toalmshouse.psd","art/src/backgrounds/act_i/navigation_silhouettes/bone_chandler","art/src/backgrounds/act_i/navigation_silhouettes/bone_chandler/README.md","game/rooms/bone_chandler/background/bone_chandler_bg.png","game/rooms/bone_chandler/background/bone_chandler_bg.png","preserve_existing_exit_metadata","verify visible exit affordance, walk-band clarity, and no new unplanned route","preserve existing exit metadata and walk-band readability"
"bone_chandler_navigation_silhouette_salt_market","R06_D_navigation_readability_layer","R06","bone_chandler","The Bone Chandler","navigation_silhouette","paintover","Salt Market","hold_for_room_approval","D_navigation_readability_layer","40","requires_human_room_review_before_source_psd","held_pending_room_review","missing","art/src/backgrounds/act_i/navigation_silhouettes/bone_chandler/tosaltmarket.psd","art/src/backgrounds/act_i/navigation_silhouettes/bone_chandler","art/src/backgrounds/act_i/navigation_silhouettes/bone_chandler/README.md","game/rooms/bone_chandler/background/bone_chandler_bg.png","game/rooms/bone_chandler/background/bone_chandler_bg.png","preserve_existing_exit_metadata","verify visible exit affordance, walk-band clarity, and no new unplanned route","preserve existing exit metadata and walk-band readability"
"almshouse_meshy_source_model_cot_rows","R07_A_meshy_helper_geometry","R07","almshouse","The Almshouse","meshy_source_model","Meshy","cot rows","generate_now","A_meshy_helper_geometry","10","can_acquire_before_human_review","ready_to_generate","missing","art/src/backgrounds/act_i/source_models/almshouse/cot_rows.glb","art/src/backgrounds/act_i/source_models/almshouse","art/src/backgrounds/act_i/source_models/almshouse/README.md","","art/src/backgrounds/act_i/blockouts/almshouse.blend","never_import_directly_to_godot","open_room_blend_and_confirm_scale_silhouette_palette_before_paintover","import into the room Blender blockout as helper geometry only"
"almshouse_meshy_source_model_privacy_screens","R07_A_meshy_helper_geometry","R07","almshouse","The Almshouse","meshy_source_model","Meshy","privacy screens","generate_now","A_meshy_helper_geometry","10","can_acquire_before_human_review","ready_to_generate","missing","art/src/backgrounds/act_i/source_models/almshouse/privacy_screens.glb","art/src/backgrounds/act_i/source_models/almshouse","art/src/backgrounds/act_i/source_models/almshouse/README.md","","art/src/backgrounds/act_i/blockouts/almshouse.blend","never_import_directly_to_godot","open_room_blend_and_confirm_scale_silhouette_palette_before_paintover","import into the room Blender blockout as helper geometry only"
"almshouse_meshy_source_model_prosper_sitting_silhouette_block","R07_A_meshy_helper_geometry","R07","almshouse","The Almshouse","meshy_source_model","Meshy","Prosper sitting silhouette block","generate_now","A_meshy_helper_geometry","10","can_acquire_before_human_review","ready_to_generate","missing","art/src/backgrounds/act_i/source_models/almshouse/prosper_sitting_silhouette_block.glb","art/src/backgrounds/act_i/source_models/almshouse","art/src/backgrounds/act_i/source_models/almshouse/README.md","","art/src/backgrounds/act_i/blockouts/almshouse.blend","never_import_directly_to_godot","open_room_blend_and_confirm_scale_silhouette_palette_before_paintover","import into the room Blender blockout as helper geometry only"
"almshouse_meshy_source_model_window_frame","R07_A_meshy_helper_geometry","R07","almshouse","The Almshouse","meshy_source_model","Meshy","window frame","generate_now","A_meshy_helper_geometry","10","can_acquire_before_human_review","ready_to_generate","missing","art/src/backgrounds/act_i/source_models/almshouse/window_frame.glb","art/src/backgrounds/act_i/source_models/almshouse","art/src/backgrounds/act_i/source_models/almshouse/README.md","","art/src/backgrounds/act_i/blockouts/almshouse.blend","never_import_directly_to_godot","open_room_blend_and_confirm_scale_silhouette_palette_before_paintover","import into the room Blender blockout as helper geometry only"
"almshouse_generated_reference_grime_texture","R07_B_reference_board","R07","almshouse","The Almshouse","generated_reference","imagegen","grime texture","generate_now","B_reference_board","20","can_acquire_before_human_review","ready_to_generate","missing","docs/art/reference/act_i/almshouse/grime_texture.png","docs/art/reference/act_i/almshouse","docs/art/reference/act_i/almshouse/README.md","","docs/art/reference/act_i/almshouse","never_import_directly_to_godot","compare_against_locked_palette_and_existing_hotspot_readability","review as mood or texture reference only, never as a final room plate"
"almshouse_generated_reference_ink_wash_edge_breakup","R07_B_reference_board","R07","almshouse","The Almshouse","generated_reference","imagegen","ink-wash edge breakup","generate_now","B_reference_board","20","can_acquire_before_human_review","ready_to_generate","missing","docs/art/reference/act_i/almshouse/ink_wash_edge_breakup.png","docs/art/reference/act_i/almshouse","docs/art/reference/act_i/almshouse/README.md","","docs/art/reference/act_i/almshouse","never_import_directly_to_godot","compare_against_locked_palette_and_existing_hotspot_readability","review as mood or texture reference only, never as a final room plate"
"almshouse_generated_reference_non_clickable_dressing_silhouettes","R07_B_reference_board","R07","almshouse","The Almshouse","generated_reference","imagegen","non-clickable dressing silhouettes","generate_now","B_reference_board","20","can_acquire_before_human_review","ready_to_generate","missing","docs/art/reference/act_i/almshouse/non_clickable_dressing_silhouettes.png","docs/art/reference/act_i/almshouse","docs/art/reference/act_i/almshouse/README.md","","docs/art/reference/act_i/almshouse","never_import_directly_to_godot","compare_against_locked_palette_and_existing_hotspot_readability","review as mood or texture reference only, never as a final room plate"
"almshouse_generated_reference_palette_safe_mood_reference","R07_B_reference_board","R07","almshouse","The Almshouse","generated_reference","imagegen","palette-safe mood reference","generate_now","B_reference_board","20","can_acquire_before_human_review","ready_to_generate","missing","docs/art/reference/act_i/almshouse/palette_safe_mood_reference.png","docs/art/reference/act_i/almshouse","docs/art/reference/act_i/almshouse/README.md","","docs/art/reference/act_i/almshouse","never_import_directly_to_godot","compare_against_locked_palette_and_existing_hotspot_readability","review as mood or texture reference only, never as a final room plate"
"almshouse_interactive_layer_half_coin_prosper","R07_C_interactive_runtime_layer","R07","almshouse","The Almshouse","interactive_layer","paintover","Half-Coin Prosper","hold_for_room_approval","C_interactive_runtime_layer","30","requires_human_room_review_before_source_psd","held_pending_room_review","missing","art/src/backgrounds/act_i/interactive_layers/almshouse/halfcoinprosper.psd","art/src/backgrounds/act_i/interactive_layers/almshouse","art/src/backgrounds/act_i/interactive_layers/almshouse/README.md","game/rooms/almshouse/props/halfcoinprosper.png","game/rooms/almshouse/props/halfcoinprosper.png","export_separate_png_and_preserve_godot_hotspot_metadata","verify alpha, bounds, hotspot center alignment, and role readability in Godot","export separate PNG and verify hotspot alignment in Godot"
"almshouse_navigation_silhouette_bone_chandler","R07_D_navigation_readability_layer","R07","almshouse","The Almshouse","navigation_silhouette","paintover","Bone Chandler","hold_for_room_approval","D_navigation_readability_layer","40","requires_human_room_review_before_source_psd","held_pending_room_review","missing","art/src/backgrounds/act_i/navigation_silhouettes/almshouse/tobonechandler.psd","art/src/backgrounds/act_i/navigation_silhouettes/almshouse","art/src/backgrounds/act_i/navigation_silhouettes/almshouse/README.md","game/rooms/almshouse/background/almshouse_bg.png","game/rooms/almshouse/background/almshouse_bg.png","preserve_existing_exit_metadata","verify visible exit affordance, walk-band clarity, and no new unplanned route","preserve existing exit metadata and walk-band readability"
"almshouse_navigation_silhouette_salt_market","R07_D_navigation_readability_layer","R07","almshouse","The Almshouse","navigation_silhouette","paintover","Salt Market","hold_for_room_approval","D_navigation_readability_layer","40","requires_human_room_review_before_source_psd","held_pending_room_review","missing","art/src/backgrounds/act_i/navigation_silhouettes/almshouse/tosaltmarket.psd","art/src/backgrounds/act_i/navigation_silhouettes/almshouse","art/src/backgrounds/act_i/navigation_silhouettes/almshouse/README.md","game/rooms/almshouse/background/almshouse_bg.png","game/rooms/almshouse/background/almshouse_bg.png","preserve_existing_exit_metadata","verify visible exit affordance, walk-band clarity, and no new unplanned route","preserve existing exit metadata and walk-band readability"
"fish_hall_meshy_source_model_drain_grate","R08_A_meshy_helper_geometry","R08","fish_hall","The Fish Hall","meshy_source_model","Meshy","drain grate","generate_now","A_meshy_helper_geometry","10","can_acquire_before_human_review","ready_to_generate","missing","art/src/backgrounds/act_i/source_models/fish_hall/drain_grate.glb","art/src/backgrounds/act_i/source_models/fish_hall","art/src/backgrounds/act_i/source_models/fish_hall/README.md","","art/src/backgrounds/act_i/blockouts/fish_hall.blend","never_import_directly_to_godot","open_room_blend_and_confirm_scale_silhouette_palette_before_paintover","import into the room Blender blockout as helper geometry only"
"fish_hall_meshy_source_model_ice_table","R08_A_meshy_helper_geometry","R08","fish_hall","The Fish Hall","meshy_source_model","Meshy","ice table","generate_now","A_meshy_helper_geometry","10","can_acquire_before_human_review","ready_to_generate","missing","art/src/backgrounds/act_i/source_models/fish_hall/ice_table.glb","art/src/backgrounds/act_i/source_models/fish_hall","art/src/backgrounds/act_i/source_models/fish_hall/README.md","","art/src/backgrounds/act_i/blockouts/fish_hall.blend","never_import_directly_to_godot","open_room_blend_and_confirm_scale_silhouette_palette_before_paintover","import into the room Blender blockout as helper geometry only"
"fish_hall_meshy_source_model_tagged_body_table_silhouette","R08_A_meshy_helper_geometry","R08","fish_hall","The Fish Hall","meshy_source_model","Meshy","tagged body-table silhouette","generate_now","A_meshy_helper_geometry","10","can_acquire_before_human_review","ready_to_generate","missing","art/src/backgrounds/act_i/source_models/fish_hall/tagged_body_table_silhouette.glb","art/src/backgrounds/act_i/source_models/fish_hall","art/src/backgrounds/act_i/source_models/fish_hall/README.md","","art/src/backgrounds/act_i/blockouts/fish_hall.blend","never_import_directly_to_godot","open_room_blend_and_confirm_scale_silhouette_palette_before_paintover","import into the room Blender blockout as helper geometry only"
"fish_hall_meshy_source_model_visitor_book_stand","R08_A_meshy_helper_geometry","R08","fish_hall","The Fish Hall","meshy_source_model","Meshy","visitor book stand","generate_now","A_meshy_helper_geometry","10","can_acquire_before_human_review","ready_to_generate","missing","art/src/backgrounds/act_i/source_models/fish_hall/visitor_book_stand.glb","art/src/backgrounds/act_i/source_models/fish_hall","art/src/backgrounds/act_i/source_models/fish_hall/README.md","","art/src/backgrounds/act_i/blockouts/fish_hall.blend","never_import_directly_to_godot","open_room_blend_and_confirm_scale_silhouette_palette_before_paintover","import into the room Blender blockout as helper geometry only"
"fish_hall_generated_reference_grime_texture","R08_B_reference_board","R08","fish_hall","The Fish Hall","generated_reference","imagegen","grime texture","generate_now","B_reference_board","20","can_acquire_before_human_review","ready_to_generate","missing","docs/art/reference/act_i/fish_hall/grime_texture.png","docs/art/reference/act_i/fish_hall","docs/art/reference/act_i/fish_hall/README.md","","docs/art/reference/act_i/fish_hall","never_import_directly_to_godot","compare_against_locked_palette_and_existing_hotspot_readability","review as mood or texture reference only, never as a final room plate"
"fish_hall_generated_reference_ink_wash_edge_breakup","R08_B_reference_board","R08","fish_hall","The Fish Hall","generated_reference","imagegen","ink-wash edge breakup","generate_now","B_reference_board","20","can_acquire_before_human_review","ready_to_generate","missing","docs/art/reference/act_i/fish_hall/ink_wash_edge_breakup.png","docs/art/reference/act_i/fish_hall","docs/art/reference/act_i/fish_hall/README.md","","docs/art/reference/act_i/fish_hall","never_import_directly_to_godot","compare_against_locked_palette_and_existing_hotspot_readability","review as mood or texture reference only, never as a final room plate"
"fish_hall_generated_reference_non_clickable_dressing_silhouettes","R08_B_reference_board","R08","fish_hall","The Fish Hall","generated_reference","imagegen","non-clickable dressing silhouettes","generate_now","B_reference_board","20","can_acquire_before_human_review","ready_to_generate","missing","docs/art/reference/act_i/fish_hall/non_clickable_dressing_silhouettes.png","docs/art/reference/act_i/fish_hall","docs/art/reference/act_i/fish_hall/README.md","","docs/art/reference/act_i/fish_hall","never_import_directly_to_godot","compare_against_locked_palette_and_existing_hotspot_readability","review as mood or texture reference only, never as a final room plate"
"fish_hall_generated_reference_palette_safe_mood_reference","R08_B_reference_board","R08","fish_hall","The Fish Hall","generated_reference","imagegen","palette-safe mood reference","generate_now","B_reference_board","20","can_acquire_before_human_review","ready_to_generate","missing","docs/art/reference/act_i/fish_hall/palette_safe_mood_reference.png","docs/art/reference/act_i/fish_hall","docs/art/reference/act_i/fish_hall/README.md","","docs/art/reference/act_i/fish_hall","never_import_directly_to_godot","compare_against_locked_palette_and_existing_hotspot_readability","review as mood or texture reference only, never as a final room plate"
"fish_hall_interactive_layer_coroner_tag","R08_C_interactive_runtime_layer","R08","fish_hall","The Fish Hall","interactive_layer","paintover","Coroner tag","hold_for_room_approval","C_interactive_runtime_layer","30","requires_human_room_review_before_source_psd","held_pending_room_review","missing","art/src/backgrounds/act_i/interactive_layers/fish_hall/coronertag.psd","art/src/backgrounds/act_i/interactive_layers/fish_hall","art/src/backgrounds/act_i/interactive_layers/fish_hall/README.md","game/rooms/fish_hall/props/coronertag.png","game/rooms/fish_hall/props/coronertag.png","export_separate_png_and_preserve_godot_hotspot_metadata","verify alpha, bounds, hotspot center alignment, and role readability in Godot","export separate PNG and verify hotspot alignment in Godot"
"fish_hall_interactive_layer_drain","R08_C_interactive_runtime_layer","R08","fish_hall","The Fish Hall","interactive_layer","paintover","Drain","hold_for_room_approval","C_interactive_runtime_layer","30","requires_human_room_review_before_source_psd","held_pending_room_review","missing","art/src/backgrounds/act_i/interactive_layers/fish_hall/drain.psd","art/src/backgrounds/act_i/interactive_layers/fish_hall","art/src/backgrounds/act_i/interactive_layers/fish_hall/README.md","game/rooms/fish_hall/props/drain.png","game/rooms/fish_hall/props/drain.png","export_separate_png_and_preserve_godot_hotspot_metadata","verify alpha, bounds, hotspot center alignment, and role readability in Godot","export separate PNG and verify hotspot alignment in Godot"
"fish_hall_interactive_layer_visitor_book","R08_C_interactive_runtime_layer","R08","fish_hall","The Fish Hall","interactive_layer","paintover","Visitor book","hold_for_room_approval","C_interactive_runtime_layer","30","requires_human_room_review_before_source_psd","held_pending_room_review","missing","art/src/backgrounds/act_i/interactive_layers/fish_hall/visitorbook.psd","art/src/backgrounds/act_i/interactive_layers/fish_hall","art/src/backgrounds/act_i/interactive_layers/fish_hall/README.md","game/rooms/fish_hall/props/visitorbook.png","game/rooms/fish_hall/props/visitorbook.png","export_separate_png_and_preserve_godot_hotspot_metadata","verify alpha, bounds, hotspot center alignment, and role readability in Godot","export separate PNG and verify hotspot alignment in Godot"
"fish_hall_navigation_silhouette_salt_market","R08_D_navigation_readability_layer","R08","fish_hall","The Fish Hall","navigation_silhouette","paintover","Salt Market","hold_for_room_approval","D_navigation_readability_layer","40","requires_human_room_review_before_source_psd","held_pending_room_review","missing","art/src/backgrounds/act_i/navigation_silhouettes/fish_hall/tosaltmarket.psd","art/src/backgrounds/act_i/navigation_silhouettes/fish_hall","art/src/backgrounds/act_i/navigation_silhouettes/fish_hall/README.md","game/rooms/fish_hall/background/fish_hall_bg.png","game/rooms/fish_hall/background/fish_hall_bg.png","preserve_existing_exit_metadata","verify visible exit affordance, walk-band clarity, and no new unplanned route","preserve existing exit metadata and walk-band readability"
"church_of_the_drowned_meshy_source_model_church_ledger_desk","R09_A_meshy_helper_geometry","R09","church_of_the_drowned","Church of the Drowned","meshy_source_model","Meshy","Church ledger desk","generate_now","A_meshy_helper_geometry","10","can_acquire_before_human_review","ready_to_generate","missing","art/src/backgrounds/act_i/source_models/church_of_the_drowned/church_ledger_desk.glb","art/src/backgrounds/act_i/source_models/church_of_the_drowned","art/src/backgrounds/act_i/source_models/church_of_the_drowned/README.md","","art/src/backgrounds/act_i/blockouts/church_of_the_drowned.blend","never_import_directly_to_godot","open_room_blend_and_confirm_scale_silhouette_palette_before_paintover","import into the room Blender blockout as helper geometry only"
"church_of_the_drowned_meshy_source_model_confession_booth","R09_A_meshy_helper_geometry","R09","church_of_the_drowned","Church of the Drowned","meshy_source_model","Meshy","confession booth","generate_now","A_meshy_helper_geometry","10","can_acquire_before_human_review","ready_to_generate","missing","art/src/backgrounds/act_i/source_models/church_of_the_drowned/confession_booth.glb","art/src/backgrounds/act_i/source_models/church_of_the_drowned","art/src/backgrounds/act_i/source_models/church_of_the_drowned/README.md","","art/src/backgrounds/act_i/blockouts/church_of_the_drowned.blend","never_import_directly_to_godot","open_room_blend_and_confirm_scale_silhouette_palette_before_paintover","import into the room Blender blockout as helper geometry only"
"church_of_the_drowned_meshy_source_model_green_lamp_housings","R09_A_meshy_helper_geometry","R09","church_of_the_drowned","Church of the Drowned","meshy_source_model","Meshy","green lamp housings","generate_now","A_meshy_helper_geometry","10","can_acquire_before_human_review","ready_to_generate","missing","art/src/backgrounds/act_i/source_models/church_of_the_drowned/green_lamp_housings.glb","art/src/backgrounds/act_i/source_models/church_of_the_drowned","art/src/backgrounds/act_i/source_models/church_of_the_drowned/README.md","","art/src/backgrounds/act_i/blockouts/church_of_the_drowned.blend","never_import_directly_to_godot","open_room_blend_and_confirm_scale_silhouette_palette_before_paintover","import into the room Blender blockout as helper geometry only"
"church_of_the_drowned_meshy_source_model_receipt_window","R09_A_meshy_helper_geometry","R09","church_of_the_drowned","Church of the Drowned","meshy_source_model","Meshy","receipt window","generate_now","A_meshy_helper_geometry","10","can_acquire_before_human_review","ready_to_generate","missing","art/src/backgrounds/act_i/source_models/church_of_the_drowned/receipt_window.glb","art/src/backgrounds/act_i/source_models/church_of_the_drowned","art/src/backgrounds/act_i/source_models/church_of_the_drowned/README.md","","art/src/backgrounds/act_i/blockouts/church_of_the_drowned.blend","never_import_directly_to_godot","open_room_blend_and_confirm_scale_silhouette_palette_before_paintover","import into the room Blender blockout as helper geometry only"
"church_of_the_drowned_generated_reference_institutional_absinthe_green_light","R09_B_reference_board","R09","church_of_the_drowned","Church of the Drowned","generated_reference","imagegen","institutional absinthe-green light","generate_now","B_reference_board","20","can_acquire_before_human_review","ready_to_generate","missing","docs/art/reference/act_i/church_of_the_drowned/institutional_absinthe_green_light.png","docs/art/reference/act_i/church_of_the_drowned","docs/art/reference/act_i/church_of_the_drowned/README.md","","docs/art/reference/act_i/church_of_the_drowned","never_import_directly_to_godot","compare_against_locked_palette_and_existing_hotspot_readability","review as mood or texture reference only, never as a final room plate"
"church_of_the_drowned_generated_reference_paper_bureaucracy_texture","R09_B_reference_board","R09","church_of_the_drowned","Church of the Drowned","generated_reference","imagegen","paper bureaucracy texture","generate_now","B_reference_board","20","can_acquire_before_human_review","ready_to_generate","missing","docs/art/reference/act_i/church_of_the_drowned/paper_bureaucracy_texture.png","docs/art/reference/act_i/church_of_the_drowned","docs/art/reference/act_i/church_of_the_drowned/README.md","","docs/art/reference/act_i/church_of_the_drowned","never_import_directly_to_godot","compare_against_locked_palette_and_existing_hotspot_readability","review as mood or texture reference only, never as a final room plate"
"church_of_the_drowned_generated_reference_wet_stone_grime","R09_B_reference_board","R09","church_of_the_drowned","Church of the Drowned","generated_reference","imagegen","wet stone grime","generate_now","B_reference_board","20","can_acquire_before_human_review","ready_to_generate","missing","docs/art/reference/act_i/church_of_the_drowned/wet_stone_grime.png","docs/art/reference/act_i/church_of_the_drowned","docs/art/reference/act_i/church_of_the_drowned/README.md","","docs/art/reference/act_i/church_of_the_drowned","never_import_directly_to_godot","compare_against_locked_palette_and_existing_hotspot_readability","review as mood or texture reference only, never as a final room plate"
"church_of_the_drowned_interactive_layer_confession_booth","R09_C_interactive_runtime_layer","R09","church_of_the_drowned","Church of the Drowned","interactive_layer","paintover","Confession booth","hold_for_room_approval","C_interactive_runtime_layer","30","requires_human_room_review_before_source_psd","held_pending_room_review","missing","art/src/backgrounds/act_i/interactive_layers/church_of_the_drowned/confessionbooth.psd","art/src/backgrounds/act_i/interactive_layers/church_of_the_drowned","art/src/backgrounds/act_i/interactive_layers/church_of_the_drowned/README.md","game/rooms/church_of_the_drowned/props/confessionbooth.png","game/rooms/church_of_the_drowned/props/confessionbooth.png","export_separate_png_and_preserve_godot_hotspot_metadata","verify alpha, bounds, hotspot center alignment, and role readability in Godot","export separate PNG and verify hotspot alignment in Godot"
"church_of_the_drowned_interactive_layer_poor_box","R09_C_interactive_runtime_layer","R09","church_of_the_drowned","Church of the Drowned","interactive_layer","paintover","Poor box","hold_for_room_approval","C_interactive_runtime_layer","30","requires_human_room_review_before_source_psd","held_pending_room_review","missing","art/src/backgrounds/act_i/interactive_layers/church_of_the_drowned/poorbox.psd","art/src/backgrounds/act_i/interactive_layers/church_of_the_drowned","art/src/backgrounds/act_i/interactive_layers/church_of_the_drowned/README.md","game/rooms/church_of_the_drowned/props/poorbox.png","game/rooms/church_of_the_drowned/props/poorbox.png","export_separate_png_and_preserve_godot_hotspot_metadata","verify alpha, bounds, hotspot center alignment, and role readability in Godot","export separate PNG and verify hotspot alignment in Godot"
"church_of_the_drowned_interactive_layer_teodor_s_stall","R09_C_interactive_runtime_layer","R09","church_of_the_drowned","Church of the Drowned","interactive_layer","paintover","Teodor's stall","hold_for_room_approval","C_interactive_runtime_layer","30","requires_human_room_review_before_source_psd","held_pending_room_review","missing","art/src/backgrounds/act_i/interactive_layers/church_of_the_drowned/ratecard.psd","art/src/backgrounds/act_i/interactive_layers/church_of_the_drowned","art/src/backgrounds/act_i/interactive_layers/church_of_the_drowned/README.md","game/rooms/church_of_the_drowned/props/ratecard.png","game/rooms/church_of_the_drowned/props/ratecard.png","export_separate_png_and_preserve_godot_hotspot_metadata","verify alpha, bounds, hotspot center alignment, and role readability in Godot","export separate PNG and verify hotspot alignment in Godot"
"church_of_the_drowned_navigation_silhouette_grey_float","R09_D_navigation_readability_layer","R09","church_of_the_drowned","Church of the Drowned","navigation_silhouette","paintover","Grey Float","hold_for_room_approval","D_navigation_readability_layer","40","requires_human_room_review_before_source_psd","held_pending_room_review","missing","art/src/backgrounds/act_i/navigation_silhouettes/church_of_the_drowned/togreyfloat.psd","art/src/backgrounds/act_i/navigation_silhouettes/church_of_the_drowned","art/src/backgrounds/act_i/navigation_silhouettes/church_of_the_drowned/README.md","game/rooms/church_of_the_drowned/background/church_of_the_drowned_bg.png","game/rooms/church_of_the_drowned/background/church_of_the_drowned_bg.png","preserve_existing_exit_metadata","verify visible exit affordance, walk-band clarity, and no new unplanned route","preserve existing exit metadata and walk-band readability"
"church_of_the_drowned_navigation_silhouette_salt_market","R09_D_navigation_readability_layer","R09","church_of_the_drowned","Church of the Drowned","navigation_silhouette","paintover","Salt Market","hold_for_room_approval","D_navigation_readability_layer","40","requires_human_room_review_before_source_psd","held_pending_room_review","missing","art/src/backgrounds/act_i/navigation_silhouettes/church_of_the_drowned/tosaltmarket.psd","art/src/backgrounds/act_i/navigation_silhouettes/church_of_the_drowned","art/src/backgrounds/act_i/navigation_silhouettes/church_of_the_drowned/README.md","game/rooms/church_of_the_drowned/background/church_of_the_drowned_bg.png","game/rooms/church_of_the_drowned/background/church_of_the_drowned_bg.png","preserve_existing_exit_metadata","verify visible exit affordance, walk-band clarity, and no new unplanned route","preserve existing exit metadata and walk-band readability"
"grey_float_meshy_source_model_barge_wall_ribs","R10_A_meshy_helper_geometry","R10","grey_float","The Grey Float","meshy_source_model","Meshy","barge wall ribs","generate_now","A_meshy_helper_geometry","10","can_acquire_before_human_review","ready_to_generate","missing","art/src/backgrounds/act_i/source_models/grey_float/barge_wall_ribs.glb","art/src/backgrounds/act_i/source_models/grey_float","art/src/backgrounds/act_i/source_models/grey_float/README.md","","art/src/backgrounds/act_i/blockouts/grey_float.blend","never_import_directly_to_godot","open_room_blend_and_confirm_scale_silhouette_palette_before_paintover","import into the room Blender blockout as helper geometry only"
"grey_float_meshy_source_model_bathhouse_railings","R10_A_meshy_helper_geometry","R10","grey_float","The Grey Float","meshy_source_model","Meshy","bathhouse railings","generate_now","A_meshy_helper_geometry","10","can_acquire_before_human_review","ready_to_generate","missing","art/src/backgrounds/act_i/source_models/grey_float/bathhouse_railings.glb","art/src/backgrounds/act_i/source_models/grey_float","art/src/backgrounds/act_i/source_models/grey_float/README.md","","art/src/backgrounds/act_i/blockouts/grey_float.blend","never_import_directly_to_godot","open_room_blend_and_confirm_scale_silhouette_palette_before_paintover","import into the room Blender blockout as helper geometry only"
"grey_float_meshy_source_model_lamp_clusters","R10_A_meshy_helper_geometry","R10","grey_float","The Grey Float","meshy_source_model","Meshy","lamp clusters","generate_now","A_meshy_helper_geometry","10","can_acquire_before_human_review","ready_to_generate","missing","art/src/backgrounds/act_i/source_models/grey_float/lamp_clusters.glb","art/src/backgrounds/act_i/source_models/grey_float","art/src/backgrounds/act_i/source_models/grey_float/README.md","","art/src/backgrounds/act_i/blockouts/grey_float.blend","never_import_directly_to_godot","open_room_blend_and_confirm_scale_silhouette_palette_before_paintover","import into the room Blender blockout as helper geometry only"
"grey_float_meshy_source_model_steam_screen_partitions","R10_A_meshy_helper_geometry","R10","grey_float","The Grey Float","meshy_source_model","Meshy","steam-screen partitions","generate_now","A_meshy_helper_geometry","10","can_acquire_before_human_review","ready_to_generate","missing","art/src/backgrounds/act_i/source_models/grey_float/steam_screen_partitions.glb","art/src/backgrounds/act_i/source_models/grey_float","art/src/backgrounds/act_i/source_models/grey_float/README.md","","art/src/backgrounds/act_i/blockouts/grey_float.blend","never_import_directly_to_godot","open_room_blend_and_confirm_scale_silhouette_palette_before_paintover","import into the room Blender blockout as helper geometry only"
"grey_float_generated_reference_amber_trap_mood","R10_B_reference_board","R10","grey_float","The Grey Float","generated_reference","imagegen","amber trap mood","generate_now","B_reference_board","20","can_acquire_before_human_review","ready_to_generate","missing","docs/art/reference/act_i/grey_float/amber_trap_mood.png","docs/art/reference/act_i/grey_float","docs/art/reference/act_i/grey_float/README.md","","docs/art/reference/act_i/grey_float","never_import_directly_to_godot","compare_against_locked_palette_and_existing_hotspot_readability","review as mood or texture reference only, never as a final room plate"
"grey_float_generated_reference_non_explicit_labor_staging","R10_B_reference_board","R10","grey_float","The Grey Float","generated_reference","imagegen","non-explicit labor staging","generate_now","B_reference_board","20","can_acquire_before_human_review","ready_to_generate","missing","docs/art/reference/act_i/grey_float/non_explicit_labor_staging.png","docs/art/reference/act_i/grey_float","docs/art/reference/act_i/grey_float/README.md","","docs/art/reference/act_i/grey_float","never_import_directly_to_godot","compare_against_locked_palette_and_existing_hotspot_readability","review as mood or texture reference only, never as a final room plate"
"grey_float_generated_reference_steam_density","R10_B_reference_board","R10","grey_float","The Grey Float","generated_reference","imagegen","steam density","generate_now","B_reference_board","20","can_acquire_before_human_review","ready_to_generate","missing","docs/art/reference/act_i/grey_float/steam_density.png","docs/art/reference/act_i/grey_float","docs/art/reference/act_i/grey_float/README.md","","docs/art/reference/act_i/grey_float","never_import_directly_to_godot","compare_against_locked_palette_and_existing_hotspot_readability","review as mood or texture reference only, never as a final room plate"
"grey_float_generated_reference_warm_silhouette_privacy_shapes","R10_B_reference_board","R10","grey_float","The Grey Float","generated_reference","imagegen","warm silhouette privacy shapes","generate_now","B_reference_board","20","can_acquire_before_human_review","ready_to_generate","missing","docs/art/reference/act_i/grey_float/warm_silhouette_privacy_shapes.png","docs/art/reference/act_i/grey_float","docs/art/reference/act_i/grey_float/README.md","","docs/art/reference/act_i/grey_float","never_import_directly_to_godot","compare_against_locked_palette_and_existing_hotspot_readability","review as mood or texture reference only, never as a final room plate"
"grey_float_interactive_layer_bilge_regulator","R10_C_interactive_runtime_layer","R10","grey_float","The Grey Float","interactive_layer","paintover","Bilge regulator","hold_for_room_approval","C_interactive_runtime_layer","30","requires_human_room_review_before_source_psd","held_pending_room_review","missing","art/src/backgrounds/act_i/interactive_layers/grey_float/bilgeregulator.psd","art/src/backgrounds/act_i/interactive_layers/grey_float","art/src/backgrounds/act_i/interactive_layers/grey_float/README.md","game/rooms/grey_float/props/bilgeregulator.png","game/rooms/grey_float/props/bilgeregulator.png","export_separate_png_and_preserve_godot_hotspot_metadata","verify alpha, bounds, hotspot center alignment, and role readability in Godot","export separate PNG and verify hotspot alignment in Godot"
"grey_float_interactive_layer_hot_pool","R10_C_interactive_runtime_layer","R10","grey_float","The Grey Float","interactive_layer","paintover","Hot pool","hold_for_room_approval","C_interactive_runtime_layer","30","requires_human_room_review_before_source_psd","held_pending_room_review","missing","art/src/backgrounds/act_i/interactive_layers/grey_float/hotpool.psd","art/src/backgrounds/act_i/interactive_layers/grey_float","art/src/backgrounds/act_i/interactive_layers/grey_float/README.md","game/rooms/grey_float/props/hotpool.png","game/rooms/grey_float/props/hotpool.png","export_separate_png_and_preserve_godot_hotspot_metadata","verify alpha, bounds, hotspot center alignment, and role readability in Godot","export separate PNG and verify hotspot alignment in Godot"
"grey_float_interactive_layer_staff_corner","R10_C_interactive_runtime_layer","R10","grey_float","The Grey Float","interactive_layer","paintover","Staff corner","hold_for_room_approval","C_interactive_runtime_layer","30","requires_human_room_review_before_source_psd","held_pending_room_review","missing","art/src/backgrounds/act_i/interactive_layers/grey_float/staffcorner.psd","art/src/backgrounds/act_i/interactive_layers/grey_float","art/src/backgrounds/act_i/interactive_layers/grey_float/README.md","game/rooms/grey_float/props/staffcorner.png","game/rooms/grey_float/props/staffcorner.png","export_separate_png_and_preserve_godot_hotspot_metadata","verify alpha, bounds, hotspot center alignment, and role readability in Godot","export separate PNG and verify hotspot alignment in Godot"
"grey_float_navigation_silhouette_church","R10_D_navigation_readability_layer","R10","grey_float","The Grey Float","navigation_silhouette","paintover","Church","hold_for_room_approval","D_navigation_readability_layer","40","requires_human_room_review_before_source_psd","held_pending_room_review","missing","art/src/backgrounds/act_i/navigation_silhouettes/grey_float/tochurch.psd","art/src/backgrounds/act_i/navigation_silhouettes/grey_float","art/src/backgrounds/act_i/navigation_silhouettes/grey_float/README.md","game/rooms/grey_float/background/grey_float_bg.png","game/rooms/grey_float/background/grey_float_bg.png","preserve_existing_exit_metadata","verify visible exit affordance, walk-band clarity, and no new unplanned route","preserve existing exit metadata and walk-band readability"
"grey_float_navigation_silhouette_harbormaster","R10_D_navigation_readability_layer","R10","grey_float","The Grey Float","navigation_silhouette","paintover","Harbormaster","hold_for_room_approval","D_navigation_readability_layer","40","requires_human_room_review_before_source_psd","held_pending_room_review","missing","art/src/backgrounds/act_i/navigation_silhouettes/grey_float/toharbormaster.psd","art/src/backgrounds/act_i/navigation_silhouettes/grey_float","art/src/backgrounds/act_i/navigation_silhouettes/grey_float/README.md","game/rooms/grey_float/background/grey_float_bg.png","game/rooms/grey_float/background/grey_float_bg.png","preserve_existing_exit_metadata","verify visible exit affordance, walk-band clarity, and no new unplanned route","preserve existing exit metadata and walk-band readability"
"harbormaster_office_meshy_source_model_checklist_board","R11_A_meshy_helper_geometry","R11","harbormaster_office","Harbormaster's Office","meshy_source_model","Meshy","checklist board","generate_now","A_meshy_helper_geometry","10","can_acquire_before_human_review","ready_to_generate","missing","art/src/backgrounds/act_i/source_models/harbormaster_office/checklist_board.glb","art/src/backgrounds/act_i/source_models/harbormaster_office","art/src/backgrounds/act_i/source_models/harbormaster_office/README.md","","art/src/backgrounds/act_i/blockouts/harbormaster_office.blend","never_import_directly_to_godot","open_room_blend_and_confirm_scale_silhouette_palette_before_paintover","import into the room Blender blockout as helper geometry only"
"harbormaster_office_meshy_source_model_filing_wall","R11_A_meshy_helper_geometry","R11","harbormaster_office","Harbormaster's Office","meshy_source_model","Meshy","filing wall","generate_now","A_meshy_helper_geometry","10","can_acquire_before_human_review","ready_to_generate","missing","art/src/backgrounds/act_i/source_models/harbormaster_office/filing_wall.glb","art/src/backgrounds/act_i/source_models/harbormaster_office","art/src/backgrounds/act_i/source_models/harbormaster_office/README.md","","art/src/backgrounds/act_i/blockouts/harbormaster_office.blend","never_import_directly_to_godot","open_room_blend_and_confirm_scale_silhouette_palette_before_paintover","import into the room Blender blockout as helper geometry only"
"harbormaster_office_meshy_source_model_frosted_glass_door","R11_A_meshy_helper_geometry","R11","harbormaster_office","Harbormaster's Office","meshy_source_model","Meshy","frosted glass door","generate_now","A_meshy_helper_geometry","10","can_acquire_before_human_review","ready_to_generate","missing","art/src/backgrounds/act_i/source_models/harbormaster_office/frosted_glass_door.glb","art/src/backgrounds/act_i/source_models/harbormaster_office","art/src/backgrounds/act_i/source_models/harbormaster_office/README.md","","art/src/backgrounds/act_i/blockouts/harbormaster_office.blend","never_import_directly_to_godot","open_room_blend_and_confirm_scale_silhouette_palette_before_paintover","import into the room Blender blockout as helper geometry only"
"harbormaster_office_meshy_source_model_office_desk","R11_A_meshy_helper_geometry","R11","harbormaster_office","Harbormaster's Office","meshy_source_model","Meshy","office desk","generate_now","A_meshy_helper_geometry","10","can_acquire_before_human_review","ready_to_generate","missing","art/src/backgrounds/act_i/source_models/harbormaster_office/office_desk.glb","art/src/backgrounds/act_i/source_models/harbormaster_office","art/src/backgrounds/act_i/source_models/harbormaster_office/README.md","","art/src/backgrounds/act_i/blockouts/harbormaster_office.blend","never_import_directly_to_godot","open_room_blend_and_confirm_scale_silhouette_palette_before_paintover","import into the room Blender blockout as helper geometry only"
"harbormaster_office_generated_reference_grime_texture","R11_B_reference_board","R11","harbormaster_office","Harbormaster's Office","generated_reference","imagegen","grime texture","generate_now","B_reference_board","20","can_acquire_before_human_review","ready_to_generate","missing","docs/art/reference/act_i/harbormaster_office/grime_texture.png","docs/art/reference/act_i/harbormaster_office","docs/art/reference/act_i/harbormaster_office/README.md","","docs/art/reference/act_i/harbormaster_office","never_import_directly_to_godot","compare_against_locked_palette_and_existing_hotspot_readability","review as mood or texture reference only, never as a final room plate"
"harbormaster_office_generated_reference_ink_wash_edge_breakup","R11_B_reference_board","R11","harbormaster_office","Harbormaster's Office","generated_reference","imagegen","ink-wash edge breakup","generate_now","B_reference_board","20","can_acquire_before_human_review","ready_to_generate","missing","docs/art/reference/act_i/harbormaster_office/ink_wash_edge_breakup.png","docs/art/reference/act_i/harbormaster_office","docs/art/reference/act_i/harbormaster_office/README.md","","docs/art/reference/act_i/harbormaster_office","never_import_directly_to_godot","compare_against_locked_palette_and_existing_hotspot_readability","review as mood or texture reference only, never as a final room plate"
"harbormaster_office_generated_reference_non_clickable_dressing_silhouettes","R11_B_reference_board","R11","harbormaster_office","Harbormaster's Office","generated_reference","imagegen","non-clickable dressing silhouettes","generate_now","B_reference_board","20","can_acquire_before_human_review","ready_to_generate","missing","docs/art/reference/act_i/harbormaster_office/non_clickable_dressing_silhouettes.png","docs/art/reference/act_i/harbormaster_office","docs/art/reference/act_i/harbormaster_office/README.md","","docs/art/reference/act_i/harbormaster_office","never_import_directly_to_godot","compare_against_locked_palette_and_existing_hotspot_readability","review as mood or texture reference only, never as a final room plate"
"harbormaster_office_generated_reference_palette_safe_mood_reference","R11_B_reference_board","R11","harbormaster_office","Harbormaster's Office","generated_reference","imagegen","palette-safe mood reference","generate_now","B_reference_board","20","can_acquire_before_human_review","ready_to_generate","missing","docs/art/reference/act_i/harbormaster_office/palette_safe_mood_reference.png","docs/art/reference/act_i/harbormaster_office","docs/art/reference/act_i/harbormaster_office/README.md","","docs/art/reference/act_i/harbormaster_office","never_import_directly_to_godot","compare_against_locked_palette_and_existing_hotspot_readability","review as mood or texture reference only, never as a final room plate"
"harbormaster_office_interactive_layer_checklist_clerk","R11_C_interactive_runtime_layer","R11","harbormaster_office","Harbormaster's Office","interactive_layer","paintover","Checklist clerk","hold_for_room_approval","C_interactive_runtime_layer","30","requires_human_room_review_before_source_psd","held_pending_room_review","missing","art/src/backgrounds/act_i/interactive_layers/harbormaster_office/checklistclerk.psd","art/src/backgrounds/act_i/interactive_layers/harbormaster_office","art/src/backgrounds/act_i/interactive_layers/harbormaster_office/README.md","game/rooms/harbormaster_office/props/checklistclerk.png","game/rooms/harbormaster_office/props/checklistclerk.png","export_separate_png_and_preserve_godot_hotspot_metadata","verify alpha, bounds, hotspot center alignment, and role readability in Godot","export separate PNG and verify hotspot alignment in Godot"
"harbormaster_office_navigation_silhouette_grey_float","R11_D_navigation_readability_layer","R11","harbormaster_office","Harbormaster's Office","navigation_silhouette","paintover","Grey Float","hold_for_room_approval","D_navigation_readability_layer","40","requires_human_room_review_before_source_psd","held_pending_room_review","missing","art/src/backgrounds/act_i/navigation_silhouettes/harbormaster_office/togreyfloat.psd","art/src/backgrounds/act_i/navigation_silhouettes/harbormaster_office","art/src/backgrounds/act_i/navigation_silhouettes/harbormaster_office/README.md","game/rooms/harbormaster_office/background/harbormaster_office_bg.png","game/rooms/harbormaster_office/background/harbormaster_office_bg.png","preserve_existing_exit_metadata","verify visible exit affordance, walk-band clarity, and no new unplanned route","preserve existing exit metadata and walk-band readability"
"harbormaster_office_navigation_silhouette_sabine","R11_D_navigation_readability_layer","R11","harbormaster_office","Harbormaster's Office","navigation_silhouette","paintover","Sabine","hold_for_room_approval","D_navigation_readability_layer","40","requires_human_room_review_before_source_psd","held_pending_room_review","missing","art/src/backgrounds/act_i/navigation_silhouettes/harbormaster_office/tosabine.psd","art/src/backgrounds/act_i/navigation_silhouettes/harbormaster_office","art/src/backgrounds/act_i/navigation_silhouettes/harbormaster_office/README.md","game/rooms/harbormaster_office/background/harbormaster_office_bg.png","game/rooms/harbormaster_office/background/harbormaster_office_bg.png","preserve_existing_exit_metadata","verify visible exit affordance, walk-band clarity, and no new unplanned route","preserve existing exit metadata and walk-band readability"
"sabine_office_meshy_source_model_persian_rug_plane","R12_A_meshy_helper_geometry","R12","sabine_office","Sabine's Office","meshy_source_model","Meshy","Persian rug plane","generate_now","A_meshy_helper_geometry","10","can_acquire_before_human_review","ready_to_generate","missing","art/src/backgrounds/act_i/source_models/sabine_office/persian_rug_plane.glb","art/src/backgrounds/act_i/source_models/sabine_office","art/src/backgrounds/act_i/source_models/sabine_office/README.md","","art/src/backgrounds/act_i/blockouts/sabine_office.blend","never_import_directly_to_godot","open_room_blend_and_confirm_scale_silhouette_palette_before_paintover","import into the room Blender blockout as helper geometry only"
"sabine_office_meshy_source_model_sabine_desk","R12_A_meshy_helper_geometry","R12","sabine_office","Sabine's Office","meshy_source_model","Meshy","Sabine desk","generate_now","A_meshy_helper_geometry","10","can_acquire_before_human_review","ready_to_generate","missing","art/src/backgrounds/act_i/source_models/sabine_office/sabine_desk.glb","art/src/backgrounds/act_i/source_models/sabine_office","art/src/backgrounds/act_i/source_models/sabine_office/README.md","","art/src/backgrounds/act_i/blockouts/sabine_office.blend","never_import_directly_to_godot","open_room_blend_and_confirm_scale_silhouette_palette_before_paintover","import into the room Blender blockout as helper geometry only"
"sabine_office_meshy_source_model_window_frame","R12_A_meshy_helper_geometry","R12","sabine_office","Sabine's Office","meshy_source_model","Meshy","window frame","generate_now","A_meshy_helper_geometry","10","can_acquire_before_human_review","ready_to_generate","missing","art/src/backgrounds/act_i/source_models/sabine_office/window_frame.glb","art/src/backgrounds/act_i/source_models/sabine_office","art/src/backgrounds/act_i/source_models/sabine_office/README.md","","art/src/backgrounds/act_i/blockouts/sabine_office.blend","never_import_directly_to_godot","open_room_blend_and_confirm_scale_silhouette_palette_before_paintover","import into the room Blender blockout as helper geometry only"
"sabine_office_meshy_source_model_wrist_check_staging_chair","R12_A_meshy_helper_geometry","R12","sabine_office","Sabine's Office","meshy_source_model","Meshy","wrist-check staging chair","generate_now","A_meshy_helper_geometry","10","can_acquire_before_human_review","ready_to_generate","missing","art/src/backgrounds/act_i/source_models/sabine_office/wrist_check_staging_chair.glb","art/src/backgrounds/act_i/source_models/sabine_office","art/src/backgrounds/act_i/source_models/sabine_office/README.md","","art/src/backgrounds/act_i/blockouts/sabine_office.blend","never_import_directly_to_godot","open_room_blend_and_confirm_scale_silhouette_palette_before_paintover","import into the room Blender blockout as helper geometry only"
"sabine_office_generated_reference_grime_texture","R12_B_reference_board","R12","sabine_office","Sabine's Office","generated_reference","imagegen","grime texture","generate_now","B_reference_board","20","can_acquire_before_human_review","ready_to_generate","missing","docs/art/reference/act_i/sabine_office/grime_texture.png","docs/art/reference/act_i/sabine_office","docs/art/reference/act_i/sabine_office/README.md","","docs/art/reference/act_i/sabine_office","never_import_directly_to_godot","compare_against_locked_palette_and_existing_hotspot_readability","review as mood or texture reference only, never as a final room plate"
"sabine_office_generated_reference_ink_wash_edge_breakup","R12_B_reference_board","R12","sabine_office","Sabine's Office","generated_reference","imagegen","ink-wash edge breakup","generate_now","B_reference_board","20","can_acquire_before_human_review","ready_to_generate","missing","docs/art/reference/act_i/sabine_office/ink_wash_edge_breakup.png","docs/art/reference/act_i/sabine_office","docs/art/reference/act_i/sabine_office/README.md","","docs/art/reference/act_i/sabine_office","never_import_directly_to_godot","compare_against_locked_palette_and_existing_hotspot_readability","review as mood or texture reference only, never as a final room plate"
"sabine_office_generated_reference_non_clickable_dressing_silhouettes","R12_B_reference_board","R12","sabine_office","Sabine's Office","generated_reference","imagegen","non-clickable dressing silhouettes","generate_now","B_reference_board","20","can_acquire_before_human_review","ready_to_generate","missing","docs/art/reference/act_i/sabine_office/non_clickable_dressing_silhouettes.png","docs/art/reference/act_i/sabine_office","docs/art/reference/act_i/sabine_office/README.md","","docs/art/reference/act_i/sabine_office","never_import_directly_to_godot","compare_against_locked_palette_and_existing_hotspot_readability","review as mood or texture reference only, never as a final room plate"
"sabine_office_generated_reference_palette_safe_mood_reference","R12_B_reference_board","R12","sabine_office","Sabine's Office","generated_reference","imagegen","palette-safe mood reference","generate_now","B_reference_board","20","can_acquire_before_human_review","ready_to_generate","missing","docs/art/reference/act_i/sabine_office/palette_safe_mood_reference.png","docs/art/reference/act_i/sabine_office","docs/art/reference/act_i/sabine_office/README.md","","docs/art/reference/act_i/sabine_office","never_import_directly_to_godot","compare_against_locked_palette_and_existing_hotspot_readability","review as mood or texture reference only, never as a final room plate"
"sabine_office_interactive_layer_sabine_s_desk","R12_C_interactive_runtime_layer","R12","sabine_office","Sabine's Office","interactive_layer","paintover","Sabine's desk","hold_for_room_approval","C_interactive_runtime_layer","30","requires_human_room_review_before_source_psd","held_pending_room_review","missing","art/src/backgrounds/act_i/interactive_layers/sabine_office/sabinedesk.psd","art/src/backgrounds/act_i/interactive_layers/sabine_office","art/src/backgrounds/act_i/interactive_layers/sabine_office/README.md","game/rooms/sabine_office/props/sabinedesk.png","game/rooms/sabine_office/props/sabinedesk.png","export_separate_png_and_preserve_godot_hotspot_metadata","verify alpha, bounds, hotspot center alignment, and role readability in Godot","export separate PNG and verify hotspot alignment in Godot"
"sabine_office_navigation_silhouette_harbormaster","R12_D_navigation_readability_layer","R12","sabine_office","Sabine's Office","navigation_silhouette","paintover","Harbormaster","hold_for_room_approval","D_navigation_readability_layer","40","requires_human_room_review_before_source_psd","held_pending_room_review","missing","art/src/backgrounds/act_i/navigation_silhouettes/sabine_office/toharbormaster.psd","art/src/backgrounds/act_i/navigation_silhouettes/sabine_office","art/src/backgrounds/act_i/navigation_silhouettes/sabine_office/README.md","game/rooms/sabine_office/background/sabine_office_bg.png","game/rooms/sabine_office/background/sabine_office_bg.png","preserve_existing_exit_metadata","verify visible exit affordance, walk-band clarity, and no new unplanned route","preserve existing exit metadata and walk-band readability"
