"id","room_code","room_id","room_title","kind","tool","name","source_status","content_status","source_path","runtime_path","placement_stage","placement_target","destination_layer","final_art_role","runtime_policy","review_gate","required_followup"
"mudflats_meshy_source_model_distant_leviathan_ribs","R01","mudflats","Mudflats","meshy_source_model","Meshy","distant leviathan ribs","pending_source","missing","art/src/backgrounds/act_i/source_models/mudflats/distant_leviathan_ribs.glb","","blender_helper_geometry","art/src/backgrounds/act_i/blockouts/mudflats.blend","SourceModels_mudflats","perspective and silhouette reference for paintover","never_import_directly_to_godot","open_room_blend_and_confirm_scale_silhouette_palette_before_paintover","append to blockout collection, render a greybox/reference pass, then repaint into final room art"
"mudflats_meshy_source_model_bollard_silhouettes","R01","mudflats","Mudflats","meshy_source_model","Meshy","bollard silhouettes","pending_source","missing","art/src/backgrounds/act_i/source_models/mudflats/bollard_silhouettes.glb","","blender_helper_geometry","art/src/backgrounds/act_i/blockouts/mudflats.blend","SourceModels_mudflats","perspective and silhouette reference for paintover","never_import_directly_to_godot","open_room_blend_and_confirm_scale_silhouette_palette_before_paintover","append to blockout collection, render a greybox/reference pass, then repaint into final room art"
"mudflats_meshy_source_model_mud_ridge_reference_forms","R01","mudflats","Mudflats","meshy_source_model","Meshy","mud ridge reference forms","pending_source","missing","art/src/backgrounds/act_i/source_models/mudflats/mud_ridge_reference_forms.glb","","blender_helper_geometry","art/src/backgrounds/act_i/blockouts/mudflats.blend","SourceModels_mudflats","perspective and silhouette reference for paintover","never_import_directly_to_godot","open_room_blend_and_confirm_scale_silhouette_palette_before_paintover","append to blockout collection, render a greybox/reference pass, then repaint into final room art"
"mudflats_generated_reference_wet_silt_texture","R01","mudflats","Mudflats","generated_reference","imagegen","wet silt texture","pending_source","missing","docs/art/reference/act_i/mudflats/wet_silt_texture.png","","reference_board","docs/art/reference/act_i/mudflats","ReferenceBoard_mudflats","texture, edge, lighting, or dressing reference only","never_import_directly_to_godot","compare_against_locked_palette_and_existing_hotspot_readability","extract usable ideas into paintover notes; do not trace layout or replace the room plate"
"mudflats_generated_reference_cold_horizon_wash","R01","mudflats","Mudflats","generated_reference","imagegen","cold horizon wash","pending_source","missing","docs/art/reference/act_i/mudflats/cold_horizon_wash.png","","reference_board","docs/art/reference/act_i/mudflats","ReferenceBoard_mudflats","texture, edge, lighting, or dressing reference only","never_import_directly_to_godot","compare_against_locked_palette_and_existing_hotspot_readability","extract usable ideas into paintover notes; do not trace layout or replace the room plate"
"mudflats_generated_reference_dawn_haze","R01","mudflats","Mudflats","generated_reference","imagegen","dawn haze","pending_source","missing","docs/art/reference/act_i/mudflats/dawn_haze.png","","reference_board","docs/art/reference/act_i/mudflats","ReferenceBoard_mudflats","texture, edge, lighting, or dressing reference only","never_import_directly_to_godot","compare_against_locked_palette_and_existing_hotspot_readability","extract usable ideas into paintover notes; do not trace layout or replace the room plate"
"mudflats_interactive_layer_road_to_the_salt_market","R01","mudflats","Mudflats","interactive_layer","paintover","road to the Salt Market","pending_source","missing","art/src/backgrounds/act_i/interactive_layers/mudflats/saltmarketexit.psd","game/rooms/mudflats/props/saltmarketexit.png","paintover_runtime_layer","game/rooms/mudflats/props/saltmarketexit.png","Interactive_mudflats","separate clickable prop or wet/confession object layer","export_separate_png_and_preserve_godot_hotspot_metadata","verify alpha, bounds, hotspot center alignment, and role readability in Godot","export transparent runtime PNG, update import metadata only after hotspot map still validates"
"old_quay_meshy_source_model_dock_pilings","R02","old_quay","The Old Quay","meshy_source_model","Meshy","dock pilings","pending_source","missing","art/src/backgrounds/act_i/source_models/old_quay/dock_pilings.glb","","blender_helper_geometry","art/src/backgrounds/act_i/blockouts/old_quay.blend","SourceModels_old_quay","perspective and silhouette reference for paintover","never_import_directly_to_godot","open_room_blend_and_confirm_scale_silhouette_palette_before_paintover","append to blockout collection, render a greybox/reference pass, then repaint into final room art"
"old_quay_meshy_source_model_bollard_row","R02","old_quay","The Old Quay","meshy_source_model","Meshy","bollard row","pending_source","missing","art/src/backgrounds/act_i/source_models/old_quay/bollard_row.glb","","blender_helper_geometry","art/src/backgrounds/act_i/blockouts/old_quay.blend","SourceModels_old_quay","perspective and silhouette reference for paintover","never_import_directly_to_godot","open_room_blend_and_confirm_scale_silhouette_palette_before_paintover","append to blockout collection, render a greybox/reference pass, then repaint into final room art"
"old_quay_meshy_source_model_rope_cleat","R02","old_quay","The Old Quay","meshy_source_model","Meshy","rope cleat","pending_source","missing","art/src/backgrounds/act_i/source_models/old_quay/rope_cleat.glb","","blender_helper_geometry","art/src/backgrounds/act_i/blockouts/old_quay.blend","SourceModels_old_quay","perspective and silhouette reference for paintover","never_import_directly_to_godot","open_room_blend_and_confirm_scale_silhouette_palette_before_paintover","append to blockout collection, render a greybox/reference pass, then repaint into final room art"
"old_quay_meshy_source_model_harbor_rail_fragments","R02","old_quay","The Old Quay","meshy_source_model","Meshy","harbor rail fragments","pending_source","missing","art/src/backgrounds/act_i/source_models/old_quay/harbor_rail_fragments.glb","","blender_helper_geometry","art/src/backgrounds/act_i/blockouts/old_quay.blend","SourceModels_old_quay","perspective and silhouette reference for paintover","never_import_directly_to_godot","open_room_blend_and_confirm_scale_silhouette_palette_before_paintover","append to blockout collection, render a greybox/reference pass, then repaint into final room art"
"old_quay_generated_reference_grime_texture","R02","old_quay","The Old Quay","generated_reference","imagegen","grime texture","pending_source","missing","docs/art/reference/act_i/old_quay/grime_texture.png","","reference_board","docs/art/reference/act_i/old_quay","ReferenceBoard_old_quay","texture, edge, lighting, or dressing reference only","never_import_directly_to_godot","compare_against_locked_palette_and_existing_hotspot_readability","extract usable ideas into paintover notes; do not trace layout or replace the room plate"
"old_quay_generated_reference_ink_wash_edge_breakup","R02","old_quay","The Old Quay","generated_reference","imagegen","ink-wash edge breakup","pending_source","missing","docs/art/reference/act_i/old_quay/ink_wash_edge_breakup.png","","reference_board","docs/art/reference/act_i/old_quay","ReferenceBoard_old_quay","texture, edge, lighting, or dressing reference only","never_import_directly_to_godot","compare_against_locked_palette_and_existing_hotspot_readability","extract usable ideas into paintover notes; do not trace layout or replace the room plate"
"old_quay_generated_reference_palette_safe_mood_reference","R02","old_quay","The Old Quay","generated_reference","imagegen","palette-safe mood reference","pending_source","missing","docs/art/reference/act_i/old_quay/palette_safe_mood_reference.png","","reference_board","docs/art/reference/act_i/old_quay","ReferenceBoard_old_quay","texture, edge, lighting, or dressing reference only","never_import_directly_to_godot","compare_against_locked_palette_and_existing_hotspot_readability","extract usable ideas into paintover notes; do not trace layout or replace the room plate"
"old_quay_generated_reference_non_clickable_dressing_silhouettes","R02","old_quay","The Old Quay","generated_reference","imagegen","non-clickable dressing silhouettes","pending_source","missing","docs/art/reference/act_i/old_quay/non_clickable_dressing_silhouettes.png","","reference_board","docs/art/reference/act_i/old_quay","ReferenceBoard_old_quay","texture, edge, lighting, or dressing reference only","never_import_directly_to_godot","compare_against_locked_palette_and_existing_hotspot_readability","extract usable ideas into paintover notes; do not trace layout or replace the room plate"
"old_quay_interactive_layer_bollard_tomas","R02","old_quay","The Old Quay","interactive_layer","paintover","Bollard Tomas","pending_source","missing","art/src/backgrounds/act_i/interactive_layers/old_quay/tomas.psd","game/rooms/old_quay/props/tomas.png","paintover_runtime_layer","game/rooms/old_quay/props/tomas.png","Interactive_old_quay","separate clickable prop or wet/confession object layer","export_separate_png_and_preserve_godot_hotspot_metadata","verify alpha, bounds, hotspot center alignment, and role readability in Godot","export transparent runtime PNG, update import metadata only after hotspot map still validates"
"old_quay_interactive_layer_empty_flask","R02","old_quay","The Old Quay","interactive_layer","paintover","Empty flask","pending_source","missing","art/src/backgrounds/act_i/interactive_layers/old_quay/flask.psd","game/rooms/old_quay/props/flask.png","paintover_runtime_layer","game/rooms/old_quay/props/flask.png","Interactive_old_quay","separate clickable prop or wet/confession object layer","export_separate_png_and_preserve_godot_hotspot_metadata","verify alpha, bounds, hotspot center alignment, and role readability in Godot","export transparent runtime PNG, update import metadata only after hotspot map still validates"
"old_quay_interactive_layer_rope_cleat","R02","old_quay","The Old Quay","interactive_layer","paintover","Rope cleat","pending_source","missing","art/src/backgrounds/act_i/interactive_layers/old_quay/ropecleat.psd","game/rooms/old_quay/props/ropecleat.png","paintover_runtime_layer","game/rooms/old_quay/props/ropecleat.png","Interactive_old_quay","separate clickable prop or wet/confession object layer","export_separate_png_and_preserve_godot_hotspot_metadata","verify alpha, bounds, hotspot center alignment, and role readability in Godot","export transparent runtime PNG, update import metadata only after hotspot map still validates"
"old_quay_navigation_silhouette_salt_market","R02","old_quay","The Old Quay","navigation_silhouette","paintover","Salt Market","pending_source","missing","art/src/backgrounds/act_i/navigation_silhouettes/old_quay/tosaltmarket.psd","game/rooms/old_quay/background/old_quay_bg.png","paintover_navigation_readability","game/rooms/old_quay/background/old_quay_bg.png","Navigation_old_quay","exit readability and walk-band silhouette support","preserve_existing_exit_metadata","verify visible exit affordance, walk-band clarity, and no new unplanned route","paint into approved room pass or export exit visibility layer without moving coordinates"
"old_quay_navigation_silhouette_mudflats","R02","old_quay","The Old Quay","navigation_silhouette","paintover","Mudflats","pending_source","missing","art/src/backgrounds/act_i/navigation_silhouettes/old_quay/tomudflats.psd","game/rooms/old_quay/background/old_quay_bg.png","paintover_navigation_readability","game/rooms/old_quay/background/old_quay_bg.png","Navigation_old_quay","exit readability and walk-band silhouette support","preserve_existing_exit_metadata","verify visible exit affordance, walk-band clarity, and no new unplanned route","paint into approved room pass or export exit visibility layer without moving coordinates"
"salt_market_meshy_source_model_market_stall_shells","R03","salt_market","Salt Market","meshy_source_model","Meshy","market stall shells","pending_source","missing","art/src/backgrounds/act_i/source_models/salt_market/market_stall_shells.glb","","blender_helper_geometry","art/src/backgrounds/act_i/blockouts/salt_market.blend","SourceModels_salt_market","perspective and silhouette reference for paintover","never_import_directly_to_godot","open_room_blend_and_confirm_scale_silhouette_palette_before_paintover","append to blockout collection, render a greybox/reference pass, then repaint into final room art"
"salt_market_meshy_source_model_boot_stall","R03","salt_market","Salt Market","meshy_source_model","Meshy","boot stall","pending_source","missing","art/src/backgrounds/act_i/source_models/salt_market/boot_stall.glb","","blender_helper_geometry","art/src/backgrounds/act_i/blockouts/salt_market.blend","SourceModels_salt_market","perspective and silhouette reference for paintover","never_import_directly_to_godot","open_room_blend_and_confirm_scale_silhouette_palette_before_paintover","append to blockout collection, render a greybox/reference pass, then repaint into final room art"
"salt_market_meshy_source_model_hanging_lamps","R03","salt_market","Salt Market","meshy_source_model","Meshy","hanging lamps","pending_source","missing","art/src/backgrounds/act_i/source_models/salt_market/hanging_lamps.glb","","blender_helper_geometry","art/src/backgrounds/act_i/blockouts/salt_market.blend","SourceModels_salt_market","perspective and silhouette reference for paintover","never_import_directly_to_godot","open_room_blend_and_confirm_scale_silhouette_palette_before_paintover","append to blockout collection, render a greybox/reference pass, then repaint into final room art"
"salt_market_meshy_source_model_crowd_silhouette_blockers","R03","salt_market","Salt Market","meshy_source_model","Meshy","crowd silhouette blockers","pending_source","missing","art/src/backgrounds/act_i/source_models/salt_market/crowd_silhouette_blockers.glb","","blender_helper_geometry","art/src/backgrounds/act_i/blockouts/salt_market.blend","SourceModels_salt_market","perspective and silhouette reference for paintover","never_import_directly_to_godot","open_room_blend_and_confirm_scale_silhouette_palette_before_paintover","append to blockout collection, render a greybox/reference pass, then repaint into final room art"
"salt_market_generated_reference_public_crowd_mood","R03","salt_market","Salt Market","generated_reference","imagegen","public crowd mood","pending_source","missing","docs/art/reference/act_i/salt_market/public_crowd_mood.png","","reference_board","docs/art/reference/act_i/salt_market","ReferenceBoard_salt_market","texture, edge, lighting, or dressing reference only","never_import_directly_to_godot","compare_against_locked_palette_and_existing_hotspot_readability","extract usable ideas into paintover notes; do not trace layout or replace the room plate"
"salt_market_generated_reference_salt_signage_grime","R03","salt_market","Salt Market","generated_reference","imagegen","salt signage grime","pending_source","missing","docs/art/reference/act_i/salt_market/salt_signage_grime.png","","reference_board","docs/art/reference/act_i/salt_market","ReferenceBoard_salt_market","texture, edge, lighting, or dressing reference only","never_import_directly_to_godot","compare_against_locked_palette_and_existing_hotspot_readability","extract usable ideas into paintover notes; do not trace layout or replace the room plate"
"salt_market_generated_reference_market_awning_texture","R03","salt_market","Salt Market","generated_reference","imagegen","market awning texture","pending_source","missing","docs/art/reference/act_i/salt_market/market_awning_texture.png","","reference_board","docs/art/reference/act_i/salt_market","ReferenceBoard_salt_market","texture, edge, lighting, or dressing reference only","never_import_directly_to_godot","compare_against_locked_palette_and_existing_hotspot_readability","extract usable ideas into paintover notes; do not trace layout or replace the room plate"
"salt_market_interactive_layer_church_sign","R03","salt_market","Salt Market","interactive_layer","paintover","Church sign","pending_source","missing","art/src/backgrounds/act_i/interactive_layers/salt_market/churchsign.psd","game/rooms/salt_market/props/churchsign.png","paintover_runtime_layer","game/rooms/salt_market/props/churchsign.png","Interactive_salt_market","separate clickable prop or wet/confession object layer","export_separate_png_and_preserve_godot_hotspot_metadata","verify alpha, bounds, hotspot center alignment, and role readability in Godot","export transparent runtime PNG, update import metadata only after hotspot map still validates"
"salt_market_interactive_layer_boot_stall","R03","salt_market","Salt Market","interactive_layer","paintover","Boot stall","pending_source","missing","art/src/backgrounds/act_i/interactive_layers/salt_market/bootstall.psd","game/rooms/salt_market/props/bootstall.png","paintover_runtime_layer","game/rooms/salt_market/props/bootstall.png","Interactive_salt_market","separate clickable prop or wet/confession object layer","export_separate_png_and_preserve_godot_hotspot_metadata","verify alpha, bounds, hotspot center alignment, and role readability in Godot","export transparent runtime PNG, update import metadata only after hotspot map still validates"
"salt_market_interactive_layer_fishmonger","R03","salt_market","Salt Market","interactive_layer","paintover","Fishmonger","pending_source","missing","art/src/backgrounds/act_i/interactive_layers/salt_market/fishmonger.psd","game/rooms/salt_market/props/fishmonger.png","paintover_runtime_layer","game/rooms/salt_market/props/fishmonger.png","Interactive_salt_market","separate clickable prop or wet/confession object layer","export_separate_png_and_preserve_godot_hotspot_metadata","verify alpha, bounds, hotspot center alignment, and role readability in Godot","export transparent runtime PNG, update import metadata only after hotspot map still validates"
"salt_market_interactive_layer_confession_queue","R03","salt_market","Salt Market","interactive_layer","paintover","Confession queue","pending_source","missing","art/src/backgrounds/act_i/interactive_layers/salt_market/confessionqueue.psd","game/rooms/salt_market/props/confessionqueue.png","paintover_runtime_layer","game/rooms/salt_market/props/confessionqueue.png","Interactive_salt_market","separate clickable prop or wet/confession object layer","export_separate_png_and_preserve_godot_hotspot_metadata","verify alpha, bounds, hotspot center alignment, and role readability in Godot","export transparent runtime PNG, update import metadata only after hotspot map still validates"
"salt_market_interactive_layer_crowd","R03","salt_market","Salt Market","interactive_layer","paintover","Crowd","pending_source","missing","art/src/backgrounds/act_i/interactive_layers/salt_market/marketcrowd.psd","game/rooms/salt_market/props/marketcrowd.png","paintover_runtime_layer","game/rooms/salt_market/props/marketcrowd.png","Interactive_salt_market","separate clickable prop or wet/confession object layer","export_separate_png_and_preserve_godot_hotspot_metadata","verify alpha, bounds, hotspot center alignment, and role readability in Godot","export transparent runtime PNG, update import metadata only after hotspot map still validates"
"salt_market_navigation_silhouette_registry","R03","salt_market","Salt Market","navigation_silhouette","paintover","Registry","pending_source","missing","art/src/backgrounds/act_i/navigation_silhouettes/salt_market/toregistry.psd","game/rooms/salt_market/background/salt_market_bg.png","paintover_navigation_readability","game/rooms/salt_market/background/salt_market_bg.png","Navigation_salt_market","exit readability and walk-band silhouette support","preserve_existing_exit_metadata","verify visible exit affordance, walk-band clarity, and no new unplanned route","paint into approved room pass or export exit visibility layer without moving coordinates"
"salt_market_navigation_silhouette_church","R03","salt_market","Salt Market","navigation_silhouette","paintover","Church","pending_source","missing","art/src/backgrounds/act_i/navigation_silhouettes/salt_market/tochurch.psd","game/rooms/salt_market/background/salt_market_bg.png","paintover_navigation_readability","game/rooms/salt_market/background/salt_market_bg.png","Navigation_salt_market","exit readability and walk-band silhouette support","preserve_existing_exit_metadata","verify visible exit affordance, walk-band clarity, and no new unplanned route","paint into approved room pass or export exit visibility layer without moving coordinates"
"salt_market_navigation_silhouette_bone_chandler","R03","salt_market","Salt Market","navigation_silhouette","paintover","Bone Chandler","pending_source","missing","art/src/backgrounds/act_i/navigation_silhouettes/salt_market/tochandler.psd","game/rooms/salt_market/background/salt_market_bg.png","paintover_navigation_readability","game/rooms/salt_market/background/salt_market_bg.png","Navigation_salt_market","exit readability and walk-band silhouette support","preserve_existing_exit_metadata","verify visible exit affordance, walk-band clarity, and no new unplanned route","paint into approved room pass or export exit visibility layer without moving coordinates"
"salt_market_navigation_silhouette_almshouse","R03","salt_market","Salt Market","navigation_silhouette","paintover","Almshouse","pending_source","missing","art/src/backgrounds/act_i/navigation_silhouettes/salt_market/toalmshouse.psd","game/rooms/salt_market/background/salt_market_bg.png","paintover_navigation_readability","game/rooms/salt_market/background/salt_market_bg.png","Navigation_salt_market","exit readability and walk-band silhouette support","preserve_existing_exit_metadata","verify visible exit affordance, walk-band clarity, and no new unplanned route","paint into approved room pass or export exit visibility layer without moving coordinates"
"salt_market_navigation_silhouette_fish_hall","R03","salt_market","Salt Market","navigation_silhouette","paintover","Fish Hall","pending_source","missing","art/src/backgrounds/act_i/navigation_silhouettes/salt_market/tofishhall.psd","game/rooms/salt_market/background/salt_market_bg.png","paintover_navigation_readability","game/rooms/salt_market/background/salt_market_bg.png","Navigation_salt_market","exit readability and walk-band silhouette support","preserve_existing_exit_metadata","verify visible exit affordance, walk-band clarity, and no new unplanned route","paint into approved room pass or export exit visibility layer without moving coordinates"
"salt_market_navigation_silhouette_old_quay","R03","salt_market","Salt Market","navigation_silhouette","paintover","Old Quay","pending_source","missing","art/src/backgrounds/act_i/navigation_silhouettes/salt_market/tooldquay.psd","game/rooms/salt_market/background/salt_market_bg.png","paintover_navigation_readability","game/rooms/salt_market/background/salt_market_bg.png","Navigation_salt_market","exit readability and walk-band silhouette support","preserve_existing_exit_metadata","verify visible exit affordance, walk-band clarity, and no new unplanned route","paint into approved room pass or export exit visibility layer without moving coordinates"
"harbor_registry_meshy_source_model_registrar_desk","R05","harbor_registry","Harbor Registry","meshy_source_model","Meshy","Registrar desk","pending_source","missing","art/src/backgrounds/act_i/source_models/harbor_registry/registrar_desk.glb","","blender_helper_geometry","art/src/backgrounds/act_i/blockouts/harbor_registry.blend","SourceModels_harbor_registry","perspective and silhouette reference for paintover","never_import_directly_to_godot","open_room_blend_and_confirm_scale_silhouette_palette_before_paintover","append to blockout collection, render a greybox/reference pass, then repaint into final room art"
"harbor_registry_meshy_source_model_ledger_stacks","R05","harbor_registry","Harbor Registry","meshy_source_model","Meshy","ledger stacks","pending_source","missing","art/src/backgrounds/act_i/source_models/harbor_registry/ledger_stacks.glb","","blender_helper_geometry","art/src/backgrounds/act_i/blockouts/harbor_registry.blend","SourceModels_harbor_registry","perspective and silhouette reference for paintover","never_import_directly_to_godot","open_room_blend_and_confirm_scale_silhouette_palette_before_paintover","append to blockout collection, render a greybox/reference pass, then repaint into final room art"
"harbor_registry_meshy_source_model_roll_book_lectern","R05","harbor_registry","Harbor Registry","meshy_source_model","Meshy","roll book lectern","pending_source","missing","art/src/backgrounds/act_i/source_models/harbor_registry/roll_book_lectern.glb","","blender_helper_geometry","art/src/backgrounds/act_i/blockouts/harbor_registry.blend","SourceModels_harbor_registry","perspective and silhouette reference for paintover","never_import_directly_to_godot","open_room_blend_and_confirm_scale_silhouette_palette_before_paintover","append to blockout collection, render a greybox/reference pass, then repaint into final room art"
"harbor_registry_meshy_source_model_window_frame","R05","harbor_registry","Harbor Registry","meshy_source_model","Meshy","window frame","pending_source","missing","art/src/backgrounds/act_i/source_models/harbor_registry/window_frame.glb","","blender_helper_geometry","art/src/backgrounds/act_i/blockouts/harbor_registry.blend","SourceModels_harbor_registry","perspective and silhouette reference for paintover","never_import_directly_to_godot","open_room_blend_and_confirm_scale_silhouette_palette_before_paintover","append to blockout collection, render a greybox/reference pass, then repaint into final room art"
"harbor_registry_generated_reference_grime_texture","R05","harbor_registry","Harbor Registry","generated_reference","imagegen","grime texture","pending_source","missing","docs/art/reference/act_i/harbor_registry/grime_texture.png","","reference_board","docs/art/reference/act_i/harbor_registry","ReferenceBoard_harbor_registry","texture, edge, lighting, or dressing reference only","never_import_directly_to_godot","compare_against_locked_palette_and_existing_hotspot_readability","extract usable ideas into paintover notes; do not trace layout or replace the room plate"
"harbor_registry_generated_reference_ink_wash_edge_breakup","R05","harbor_registry","Harbor Registry","generated_reference","imagegen","ink-wash edge breakup","pending_source","missing","docs/art/reference/act_i/harbor_registry/ink_wash_edge_breakup.png","","reference_board","docs/art/reference/act_i/harbor_registry","ReferenceBoard_harbor_registry","texture, edge, lighting, or dressing reference only","never_import_directly_to_godot","compare_against_locked_palette_and_existing_hotspot_readability","extract usable ideas into paintover notes; do not trace layout or replace the room plate"
"harbor_registry_generated_reference_palette_safe_mood_reference","R05","harbor_registry","Harbor Registry","generated_reference","imagegen","palette-safe mood reference","pending_source","missing","docs/art/reference/act_i/harbor_registry/palette_safe_mood_reference.png","","reference_board","docs/art/reference/act_i/harbor_registry","ReferenceBoard_harbor_registry","texture, edge, lighting, or dressing reference only","never_import_directly_to_godot","compare_against_locked_palette_and_existing_hotspot_readability","extract usable ideas into paintover notes; do not trace layout or replace the room plate"
"harbor_registry_generated_reference_non_clickable_dressing_silhouettes","R05","harbor_registry","Harbor Registry","generated_reference","imagegen","non-clickable dressing silhouettes","pending_source","missing","docs/art/reference/act_i/harbor_registry/non_clickable_dressing_silhouettes.png","","reference_board","docs/art/reference/act_i/harbor_registry","ReferenceBoard_harbor_registry","texture, edge, lighting, or dressing reference only","never_import_directly_to_godot","compare_against_locked_palette_and_existing_hotspot_readability","extract usable ideas into paintover notes; do not trace layout or replace the room plate"
"harbor_registry_interactive_layer_kestrel_ledger","R05","harbor_registry","Harbor Registry","interactive_layer","paintover","Kestrel ledger","pending_source","missing","art/src/backgrounds/act_i/interactive_layers/harbor_registry/kestrelledger.psd","game/rooms/harbor_registry/props/kestrelledger.png","paintover_runtime_layer","game/rooms/harbor_registry/props/kestrelledger.png","Interactive_harbor_registry","separate clickable prop or wet/confession object layer","export_separate_png_and_preserve_godot_hotspot_metadata","verify alpha, bounds, hotspot center alignment, and role readability in Godot","export transparent runtime PNG, update import metadata only after hotspot map still validates"
"harbor_registry_interactive_layer_desk_lamp","R05","harbor_registry","Harbor Registry","interactive_layer","paintover","Desk lamp","pending_source","missing","art/src/backgrounds/act_i/interactive_layers/harbor_registry/desklamp.psd","game/rooms/harbor_registry/props/desklamp.png","paintover_runtime_layer","game/rooms/harbor_registry/props/desklamp.png","Interactive_harbor_registry","separate clickable prop or wet/confession object layer","export_separate_png_and_preserve_godot_hotspot_metadata","verify alpha, bounds, hotspot center alignment, and role readability in Godot","export transparent runtime PNG, update import metadata only after hotspot map still validates"
"harbor_registry_interactive_layer_registrar","R05","harbor_registry","Harbor Registry","interactive_layer","paintover","Registrar","pending_source","missing","art/src/backgrounds/act_i/interactive_layers/harbor_registry/registrar.psd","game/rooms/harbor_registry/props/registrar.png","paintover_runtime_layer","game/rooms/harbor_registry/props/registrar.png","Interactive_harbor_registry","separate clickable prop or wet/confession object layer","export_separate_png_and_preserve_godot_hotspot_metadata","verify alpha, bounds, hotspot center alignment, and role readability in Godot","export transparent runtime PNG, update import metadata only after hotspot map still validates"
"harbor_registry_navigation_silhouette_salt_market","R05","harbor_registry","Harbor Registry","navigation_silhouette","paintover","Salt Market","pending_source","missing","art/src/backgrounds/act_i/navigation_silhouettes/harbor_registry/tosaltmarket.psd","game/rooms/harbor_registry/background/harbor_registry_bg.png","paintover_navigation_readability","game/rooms/harbor_registry/background/harbor_registry_bg.png","Navigation_harbor_registry","exit readability and walk-band silhouette support","preserve_existing_exit_metadata","verify visible exit affordance, walk-band clarity, and no new unplanned route","paint into approved room pass or export exit visibility layer without moving coordinates"
"bone_chandler_meshy_source_model_bone_shelf_units","R06","bone_chandler","The Bone Chandler","meshy_source_model","Meshy","bone shelf units","pending_source","missing","art/src/backgrounds/act_i/source_models/bone_chandler/bone_shelf_units.glb","","blender_helper_geometry","art/src/backgrounds/act_i/blockouts/bone_chandler.blend","SourceModels_bone_chandler","perspective and silhouette reference for paintover","never_import_directly_to_godot","open_room_blend_and_confirm_scale_silhouette_palette_before_paintover","append to blockout collection, render a greybox/reference pass, then repaint into final room art"
"bone_chandler_meshy_source_model_trade_counter","R06","bone_chandler","The Bone Chandler","meshy_source_model","Meshy","trade counter","pending_source","missing","art/src/backgrounds/act_i/source_models/bone_chandler/trade_counter.glb","","blender_helper_geometry","art/src/backgrounds/act_i/blockouts/bone_chandler.blend","SourceModels_bone_chandler","perspective and silhouette reference for paintover","never_import_directly_to_godot","open_room_blend_and_confirm_scale_silhouette_palette_before_paintover","append to blockout collection, render a greybox/reference pass, then repaint into final room art"
"bone_chandler_meshy_source_model_chess_set_scale_prop","R06","bone_chandler","The Bone Chandler","meshy_source_model","Meshy","chess set scale prop","pending_source","missing","art/src/backgrounds/act_i/source_models/bone_chandler/chess_set_scale_prop.glb","","blender_helper_geometry","art/src/backgrounds/act_i/blockouts/bone_chandler.blend","SourceModels_bone_chandler","perspective and silhouette reference for paintover","never_import_directly_to_godot","open_room_blend_and_confirm_scale_silhouette_palette_before_paintover","append to blockout collection, render a greybox/reference pass, then repaint into final room art"
"bone_chandler_meshy_source_model_prosper_watch_display_block","R06","bone_chandler","The Bone Chandler","meshy_source_model","Meshy","Prosper watch display block","pending_source","missing","art/src/backgrounds/act_i/source_models/bone_chandler/prosper_watch_display_block.glb","","blender_helper_geometry","art/src/backgrounds/act_i/blockouts/bone_chandler.blend","SourceModels_bone_chandler","perspective and silhouette reference for paintover","never_import_directly_to_godot","open_room_blend_and_confirm_scale_silhouette_palette_before_paintover","append to blockout collection, render a greybox/reference pass, then repaint into final room art"
"bone_chandler_generated_reference_grime_texture","R06","bone_chandler","The Bone Chandler","generated_reference","imagegen","grime texture","pending_source","missing","docs/art/reference/act_i/bone_chandler/grime_texture.png","","reference_board","docs/art/reference/act_i/bone_chandler","ReferenceBoard_bone_chandler","texture, edge, lighting, or dressing reference only","never_import_directly_to_godot","compare_against_locked_palette_and_existing_hotspot_readability","extract usable ideas into paintover notes; do not trace layout or replace the room plate"
"bone_chandler_generated_reference_ink_wash_edge_breakup","R06","bone_chandler","The Bone Chandler","generated_reference","imagegen","ink-wash edge breakup","pending_source","missing","docs/art/reference/act_i/bone_chandler/ink_wash_edge_breakup.png","","reference_board","docs/art/reference/act_i/bone_chandler","ReferenceBoard_bone_chandler","texture, edge, lighting, or dressing reference only","never_import_directly_to_godot","compare_against_locked_palette_and_existing_hotspot_readability","extract usable ideas into paintover notes; do not trace layout or replace the room plate"
"bone_chandler_generated_reference_palette_safe_mood_reference","R06","bone_chandler","The Bone Chandler","generated_reference","imagegen","palette-safe mood reference","pending_source","missing","docs/art/reference/act_i/bone_chandler/palette_safe_mood_reference.png","","reference_board","docs/art/reference/act_i/bone_chandler","ReferenceBoard_bone_chandler","texture, edge, lighting, or dressing reference only","never_import_directly_to_godot","compare_against_locked_palette_and_existing_hotspot_readability","extract usable ideas into paintover notes; do not trace layout or replace the room plate"
"bone_chandler_generated_reference_non_clickable_dressing_silhouettes","R06","bone_chandler","The Bone Chandler","generated_reference","imagegen","non-clickable dressing silhouettes","pending_source","missing","docs/art/reference/act_i/bone_chandler/non_clickable_dressing_silhouettes.png","","reference_board","docs/art/reference/act_i/bone_chandler","ReferenceBoard_bone_chandler","texture, edge, lighting, or dressing reference only","never_import_directly_to_godot","compare_against_locked_palette_and_existing_hotspot_readability","extract usable ideas into paintover notes; do not trace layout or replace the room plate"
"bone_chandler_interactive_layer_prosper_s_watch","R06","bone_chandler","The Bone Chandler","interactive_layer","paintover","Prosper's watch","pending_source","missing","art/src/backgrounds/act_i/interactive_layers/bone_chandler/prosperwatch.psd","game/rooms/bone_chandler/props/prosperwatch.png","paintover_runtime_layer","game/rooms/bone_chandler/props/prosperwatch.png","Interactive_bone_chandler","separate clickable prop or wet/confession object layer","export_separate_png_and_preserve_godot_hotspot_metadata","verify alpha, bounds, hotspot center alignment, and role readability in Godot","export transparent runtime PNG, update import metadata only after hotspot map still validates"
"bone_chandler_navigation_silhouette_almshouse","R06","bone_chandler","The Bone Chandler","navigation_silhouette","paintover","Almshouse","pending_source","missing","art/src/backgrounds/act_i/navigation_silhouettes/bone_chandler/toalmshouse.psd","game/rooms/bone_chandler/background/bone_chandler_bg.png","paintover_navigation_readability","game/rooms/bone_chandler/background/bone_chandler_bg.png","Navigation_bone_chandler","exit readability and walk-band silhouette support","preserve_existing_exit_metadata","verify visible exit affordance, walk-band clarity, and no new unplanned route","paint into approved room pass or export exit visibility layer without moving coordinates"
"bone_chandler_navigation_silhouette_salt_market","R06","bone_chandler","The Bone Chandler","navigation_silhouette","paintover","Salt Market","pending_source","missing","art/src/backgrounds/act_i/navigation_silhouettes/bone_chandler/tosaltmarket.psd","game/rooms/bone_chandler/background/bone_chandler_bg.png","paintover_navigation_readability","game/rooms/bone_chandler/background/bone_chandler_bg.png","Navigation_bone_chandler","exit readability and walk-band silhouette support","preserve_existing_exit_metadata","verify visible exit affordance, walk-band clarity, and no new unplanned route","paint into approved room pass or export exit visibility layer without moving coordinates"
"almshouse_meshy_source_model_cot_rows","R07","almshouse","The Almshouse","meshy_source_model","Meshy","cot rows","pending_source","missing","art/src/backgrounds/act_i/source_models/almshouse/cot_rows.glb","","blender_helper_geometry","art/src/backgrounds/act_i/blockouts/almshouse.blend","SourceModels_almshouse","perspective and silhouette reference for paintover","never_import_directly_to_godot","open_room_blend_and_confirm_scale_silhouette_palette_before_paintover","append to blockout collection, render a greybox/reference pass, then repaint into final room art"
"almshouse_meshy_source_model_window_frame","R07","almshouse","The Almshouse","meshy_source_model","Meshy","window frame","pending_source","missing","art/src/backgrounds/act_i/source_models/almshouse/window_frame.glb","","blender_helper_geometry","art/src/backgrounds/act_i/blockouts/almshouse.blend","SourceModels_almshouse","perspective and silhouette reference for paintover","never_import_directly_to_godot","open_room_blend_and_confirm_scale_silhouette_palette_before_paintover","append to blockout collection, render a greybox/reference pass, then repaint into final room art"
"almshouse_meshy_source_model_privacy_screens","R07","almshouse","The Almshouse","meshy_source_model","Meshy","privacy screens","pending_source","missing","art/src/backgrounds/act_i/source_models/almshouse/privacy_screens.glb","","blender_helper_geometry","art/src/backgrounds/act_i/blockouts/almshouse.blend","SourceModels_almshouse","perspective and silhouette reference for paintover","never_import_directly_to_godot","open_room_blend_and_confirm_scale_silhouette_palette_before_paintover","append to blockout collection, render a greybox/reference pass, then repaint into final room art"
"almshouse_meshy_source_model_prosper_sitting_silhouette_block","R07","almshouse","The Almshouse","meshy_source_model","Meshy","Prosper sitting silhouette block","pending_source","missing","art/src/backgrounds/act_i/source_models/almshouse/prosper_sitting_silhouette_block.glb","","blender_helper_geometry","art/src/backgrounds/act_i/blockouts/almshouse.blend","SourceModels_almshouse","perspective and silhouette reference for paintover","never_import_directly_to_godot","open_room_blend_and_confirm_scale_silhouette_palette_before_paintover","append to blockout collection, render a greybox/reference pass, then repaint into final room art"
"almshouse_generated_reference_grime_texture","R07","almshouse","The Almshouse","generated_reference","imagegen","grime texture","pending_source","missing","docs/art/reference/act_i/almshouse/grime_texture.png","","reference_board","docs/art/reference/act_i/almshouse","ReferenceBoard_almshouse","texture, edge, lighting, or dressing reference only","never_import_directly_to_godot","compare_against_locked_palette_and_existing_hotspot_readability","extract usable ideas into paintover notes; do not trace layout or replace the room plate"
"almshouse_generated_reference_ink_wash_edge_breakup","R07","almshouse","The Almshouse","generated_reference","imagegen","ink-wash edge breakup","pending_source","missing","docs/art/reference/act_i/almshouse/ink_wash_edge_breakup.png","","reference_board","docs/art/reference/act_i/almshouse","ReferenceBoard_almshouse","texture, edge, lighting, or dressing reference only","never_import_directly_to_godot","compare_against_locked_palette_and_existing_hotspot_readability","extract usable ideas into paintover notes; do not trace layout or replace the room plate"
"almshouse_generated_reference_palette_safe_mood_reference","R07","almshouse","The Almshouse","generated_reference","imagegen","palette-safe mood reference","pending_source","missing","docs/art/reference/act_i/almshouse/palette_safe_mood_reference.png","","reference_board","docs/art/reference/act_i/almshouse","ReferenceBoard_almshouse","texture, edge, lighting, or dressing reference only","never_import_directly_to_godot","compare_against_locked_palette_and_existing_hotspot_readability","extract usable ideas into paintover notes; do not trace layout or replace the room plate"
"almshouse_generated_reference_non_clickable_dressing_silhouettes","R07","almshouse","The Almshouse","generated_reference","imagegen","non-clickable dressing silhouettes","pending_source","missing","docs/art/reference/act_i/almshouse/non_clickable_dressing_silhouettes.png","","reference_board","docs/art/reference/act_i/almshouse","ReferenceBoard_almshouse","texture, edge, lighting, or dressing reference only","never_import_directly_to_godot","compare_against_locked_palette_and_existing_hotspot_readability","extract usable ideas into paintover notes; do not trace layout or replace the room plate"
"almshouse_interactive_layer_half_coin_prosper","R07","almshouse","The Almshouse","interactive_layer","paintover","Half-Coin Prosper","pending_source","missing","art/src/backgrounds/act_i/interactive_layers/almshouse/halfcoinprosper.psd","game/rooms/almshouse/props/halfcoinprosper.png","paintover_runtime_layer","game/rooms/almshouse/props/halfcoinprosper.png","Interactive_almshouse","separate clickable prop or wet/confession object layer","export_separate_png_and_preserve_godot_hotspot_metadata","verify alpha, bounds, hotspot center alignment, and role readability in Godot","export transparent runtime PNG, update import metadata only after hotspot map still validates"
"almshouse_navigation_silhouette_salt_market","R07","almshouse","The Almshouse","navigation_silhouette","paintover","Salt Market","pending_source","missing","art/src/backgrounds/act_i/navigation_silhouettes/almshouse/tosaltmarket.psd","game/rooms/almshouse/background/almshouse_bg.png","paintover_navigation_readability","game/rooms/almshouse/background/almshouse_bg.png","Navigation_almshouse","exit readability and walk-band silhouette support","preserve_existing_exit_metadata","verify visible exit affordance, walk-band clarity, and no new unplanned route","paint into approved room pass or export exit visibility layer without moving coordinates"
"almshouse_navigation_silhouette_bone_chandler","R07","almshouse","The Almshouse","navigation_silhouette","paintover","Bone Chandler","pending_source","missing","art/src/backgrounds/act_i/navigation_silhouettes/almshouse/tobonechandler.psd","game/rooms/almshouse/background/almshouse_bg.png","paintover_navigation_readability","game/rooms/almshouse/background/almshouse_bg.png","Navigation_almshouse","exit readability and walk-band silhouette support","preserve_existing_exit_metadata","verify visible exit affordance, walk-band clarity, and no new unplanned route","paint into approved room pass or export exit visibility layer without moving coordinates"
"fish_hall_meshy_source_model_ice_table","R08","fish_hall","The Fish Hall","meshy_source_model","Meshy","ice table","pending_source","missing","art/src/backgrounds/act_i/source_models/fish_hall/ice_table.glb","","blender_helper_geometry","art/src/backgrounds/act_i/blockouts/fish_hall.blend","SourceModels_fish_hall","perspective and silhouette reference for paintover","never_import_directly_to_godot","open_room_blend_and_confirm_scale_silhouette_palette_before_paintover","append to blockout collection, render a greybox/reference pass, then repaint into final room art"
"fish_hall_meshy_source_model_drain_grate","R08","fish_hall","The Fish Hall","meshy_source_model","Meshy","drain grate","pending_source","missing","art/src/backgrounds/act_i/source_models/fish_hall/drain_grate.glb","","blender_helper_geometry","art/src/backgrounds/act_i/blockouts/fish_hall.blend","SourceModels_fish_hall","perspective and silhouette reference for paintover","never_import_directly_to_godot","open_room_blend_and_confirm_scale_silhouette_palette_before_paintover","append to blockout collection, render a greybox/reference pass, then repaint into final room art"
"fish_hall_meshy_source_model_visitor_book_stand","R08","fish_hall","The Fish Hall","meshy_source_model","Meshy","visitor book stand","pending_source","missing","art/src/backgrounds/act_i/source_models/fish_hall/visitor_book_stand.glb","","blender_helper_geometry","art/src/backgrounds/act_i/blockouts/fish_hall.blend","SourceModels_fish_hall","perspective and silhouette reference for paintover","never_import_directly_to_godot","open_room_blend_and_confirm_scale_silhouette_palette_before_paintover","append to blockout collection, render a greybox/reference pass, then repaint into final room art"
"fish_hall_meshy_source_model_tagged_body_table_silhouette","R08","fish_hall","The Fish Hall","meshy_source_model","Meshy","tagged body-table silhouette","pending_source","missing","art/src/backgrounds/act_i/source_models/fish_hall/tagged_body_table_silhouette.glb","","blender_helper_geometry","art/src/backgrounds/act_i/blockouts/fish_hall.blend","SourceModels_fish_hall","perspective and silhouette reference for paintover","never_import_directly_to_godot","open_room_blend_and_confirm_scale_silhouette_palette_before_paintover","append to blockout collection, render a greybox/reference pass, then repaint into final room art"
"fish_hall_generated_reference_grime_texture","R08","fish_hall","The Fish Hall","generated_reference","imagegen","grime texture","pending_source","missing","docs/art/reference/act_i/fish_hall/grime_texture.png","","reference_board","docs/art/reference/act_i/fish_hall","ReferenceBoard_fish_hall","texture, edge, lighting, or dressing reference only","never_import_directly_to_godot","compare_against_locked_palette_and_existing_hotspot_readability","extract usable ideas into paintover notes; do not trace layout or replace the room plate"
"fish_hall_generated_reference_ink_wash_edge_breakup","R08","fish_hall","The Fish Hall","generated_reference","imagegen","ink-wash edge breakup","pending_source","missing","docs/art/reference/act_i/fish_hall/ink_wash_edge_breakup.png","","reference_board","docs/art/reference/act_i/fish_hall","ReferenceBoard_fish_hall","texture, edge, lighting, or dressing reference only","never_import_directly_to_godot","compare_against_locked_palette_and_existing_hotspot_readability","extract usable ideas into paintover notes; do not trace layout or replace the room plate"
"fish_hall_generated_reference_palette_safe_mood_reference","R08","fish_hall","The Fish Hall","generated_reference","imagegen","palette-safe mood reference","pending_source","missing","docs/art/reference/act_i/fish_hall/palette_safe_mood_reference.png","","reference_board","docs/art/reference/act_i/fish_hall","ReferenceBoard_fish_hall","texture, edge, lighting, or dressing reference only","never_import_directly_to_godot","compare_against_locked_palette_and_existing_hotspot_readability","extract usable ideas into paintover notes; do not trace layout or replace the room plate"
"fish_hall_generated_reference_non_clickable_dressing_silhouettes","R08","fish_hall","The Fish Hall","generated_reference","imagegen","non-clickable dressing silhouettes","pending_source","missing","docs/art/reference/act_i/fish_hall/non_clickable_dressing_silhouettes.png","","reference_board","docs/art/reference/act_i/fish_hall","ReferenceBoard_fish_hall","texture, edge, lighting, or dressing reference only","never_import_directly_to_godot","compare_against_locked_palette_and_existing_hotspot_readability","extract usable ideas into paintover notes; do not trace layout or replace the room plate"
"fish_hall_interactive_layer_visitor_book","R08","fish_hall","The Fish Hall","interactive_layer","paintover","Visitor book","pending_source","missing","art/src/backgrounds/act_i/interactive_layers/fish_hall/visitorbook.psd","game/rooms/fish_hall/props/visitorbook.png","paintover_runtime_layer","game/rooms/fish_hall/props/visitorbook.png","Interactive_fish_hall","separate clickable prop or wet/confession object layer","export_separate_png_and_preserve_godot_hotspot_metadata","verify alpha, bounds, hotspot center alignment, and role readability in Godot","export transparent runtime PNG, update import metadata only after hotspot map still validates"
"fish_hall_interactive_layer_coroner_tag","R08","fish_hall","The Fish Hall","interactive_layer","paintover","Coroner tag","pending_source","missing","art/src/backgrounds/act_i/interactive_layers/fish_hall/coronertag.psd","game/rooms/fish_hall/props/coronertag.png","paintover_runtime_layer","game/rooms/fish_hall/props/coronertag.png","Interactive_fish_hall","separate clickable prop or wet/confession object layer","export_separate_png_and_preserve_godot_hotspot_metadata","verify alpha, bounds, hotspot center alignment, and role readability in Godot","export transparent runtime PNG, update import metadata only after hotspot map still validates"
"fish_hall_interactive_layer_drain","R08","fish_hall","The Fish Hall","interactive_layer","paintover","Drain","pending_source","missing","art/src/backgrounds/act_i/interactive_layers/fish_hall/drain.psd","game/rooms/fish_hall/props/drain.png","paintover_runtime_layer","game/rooms/fish_hall/props/drain.png","Interactive_fish_hall","separate clickable prop or wet/confession object layer","export_separate_png_and_preserve_godot_hotspot_metadata","verify alpha, bounds, hotspot center alignment, and role readability in Godot","export transparent runtime PNG, update import metadata only after hotspot map still validates"
"fish_hall_navigation_silhouette_salt_market","R08","fish_hall","The Fish Hall","navigation_silhouette","paintover","Salt Market","pending_source","missing","art/src/backgrounds/act_i/navigation_silhouettes/fish_hall/tosaltmarket.psd","game/rooms/fish_hall/background/fish_hall_bg.png","paintover_navigation_readability","game/rooms/fish_hall/background/fish_hall_bg.png","Navigation_fish_hall","exit readability and walk-band silhouette support","preserve_existing_exit_metadata","verify visible exit affordance, walk-band clarity, and no new unplanned route","paint into approved room pass or export exit visibility layer without moving coordinates"
"church_of_the_drowned_meshy_source_model_confession_booth","R09","church_of_the_drowned","Church of the Drowned","meshy_source_model","Meshy","confession booth","pending_source","missing","art/src/backgrounds/act_i/source_models/church_of_the_drowned/confession_booth.glb","","blender_helper_geometry","art/src/backgrounds/act_i/blockouts/church_of_the_drowned.blend","SourceModels_church_of_the_drowned","perspective and silhouette reference for paintover","never_import_directly_to_godot","open_room_blend_and_confirm_scale_silhouette_palette_before_paintover","append to blockout collection, render a greybox/reference pass, then repaint into final room art"
"church_of_the_drowned_meshy_source_model_church_ledger_desk","R09","church_of_the_drowned","Church of the Drowned","meshy_source_model","Meshy","Church ledger desk","pending_source","missing","art/src/backgrounds/act_i/source_models/church_of_the_drowned/church_ledger_desk.glb","","blender_helper_geometry","art/src/backgrounds/act_i/blockouts/church_of_the_drowned.blend","SourceModels_church_of_the_drowned","perspective and silhouette reference for paintover","never_import_directly_to_godot","open_room_blend_and_confirm_scale_silhouette_palette_before_paintover","append to blockout collection, render a greybox/reference pass, then repaint into final room art"
"church_of_the_drowned_meshy_source_model_receipt_window","R09","church_of_the_drowned","Church of the Drowned","meshy_source_model","Meshy","receipt window","pending_source","missing","art/src/backgrounds/act_i/source_models/church_of_the_drowned/receipt_window.glb","","blender_helper_geometry","art/src/backgrounds/act_i/blockouts/church_of_the_drowned.blend","SourceModels_church_of_the_drowned","perspective and silhouette reference for paintover","never_import_directly_to_godot","open_room_blend_and_confirm_scale_silhouette_palette_before_paintover","append to blockout collection, render a greybox/reference pass, then repaint into final room art"
"church_of_the_drowned_meshy_source_model_green_lamp_housings","R09","church_of_the_drowned","Church of the Drowned","meshy_source_model","Meshy","green lamp housings","pending_source","missing","art/src/backgrounds/act_i/source_models/church_of_the_drowned/green_lamp_housings.glb","","blender_helper_geometry","art/src/backgrounds/act_i/blockouts/church_of_the_drowned.blend","SourceModels_church_of_the_drowned","perspective and silhouette reference for paintover","never_import_directly_to_godot","open_room_blend_and_confirm_scale_silhouette_palette_before_paintover","append to blockout collection, render a greybox/reference pass, then repaint into final room art"
"church_of_the_drowned_generated_reference_institutional_absinthe_green_light","R09","church_of_the_drowned","Church of the Drowned","generated_reference","imagegen","institutional absinthe-green light","pending_source","missing","docs/art/reference/act_i/church_of_the_drowned/institutional_absinthe_green_light.png","","reference_board","docs/art/reference/act_i/church_of_the_drowned","ReferenceBoard_church_of_the_drowned","texture, edge, lighting, or dressing reference only","never_import_directly_to_godot","compare_against_locked_palette_and_existing_hotspot_readability","extract usable ideas into paintover notes; do not trace layout or replace the room plate"
"church_of_the_drowned_generated_reference_paper_bureaucracy_texture","R09","church_of_the_drowned","Church of the Drowned","generated_reference","imagegen","paper bureaucracy texture","pending_source","missing","docs/art/reference/act_i/church_of_the_drowned/paper_bureaucracy_texture.png","","reference_board","docs/art/reference/act_i/church_of_the_drowned","ReferenceBoard_church_of_the_drowned","texture, edge, lighting, or dressing reference only","never_import_directly_to_godot","compare_against_locked_palette_and_existing_hotspot_readability","extract usable ideas into paintover notes; do not trace layout or replace the room plate"
"church_of_the_drowned_generated_reference_wet_stone_grime","R09","church_of_the_drowned","Church of the Drowned","generated_reference","imagegen","wet stone grime","pending_source","missing","docs/art/reference/act_i/church_of_the_drowned/wet_stone_grime.png","","reference_board","docs/art/reference/act_i/church_of_the_drowned","ReferenceBoard_church_of_the_drowned","texture, edge, lighting, or dressing reference only","never_import_directly_to_godot","compare_against_locked_palette_and_existing_hotspot_readability","extract usable ideas into paintover notes; do not trace layout or replace the room plate"
"church_of_the_drowned_interactive_layer_confession_booth","R09","church_of_the_drowned","Church of the Drowned","interactive_layer","paintover","Confession booth","pending_source","missing","art/src/backgrounds/act_i/interactive_layers/church_of_the_drowned/confessionbooth.psd","game/rooms/church_of_the_drowned/props/confessionbooth.png","paintover_runtime_layer","game/rooms/church_of_the_drowned/props/confessionbooth.png","Interactive_church_of_the_drowned","separate clickable prop or wet/confession object layer","export_separate_png_and_preserve_godot_hotspot_metadata","verify alpha, bounds, hotspot center alignment, and role readability in Godot","export transparent runtime PNG, update import metadata only after hotspot map still validates"
"church_of_the_drowned_interactive_layer_teodor_s_stall","R09","church_of_the_drowned","Church of the Drowned","interactive_layer","paintover","Teodor's stall","pending_source","missing","art/src/backgrounds/act_i/interactive_layers/church_of_the_drowned/ratecard.psd","game/rooms/church_of_the_drowned/props/ratecard.png","paintover_runtime_layer","game/rooms/church_of_the_drowned/props/ratecard.png","Interactive_church_of_the_drowned","separate clickable prop or wet/confession object layer","export_separate_png_and_preserve_godot_hotspot_metadata","verify alpha, bounds, hotspot center alignment, and role readability in Godot","export transparent runtime PNG, update import metadata only after hotspot map still validates"
"church_of_the_drowned_interactive_layer_poor_box","R09","church_of_the_drowned","Church of the Drowned","interactive_layer","paintover","Poor box","pending_source","missing","art/src/backgrounds/act_i/interactive_layers/church_of_the_drowned/poorbox.psd","game/rooms/church_of_the_drowned/props/poorbox.png","paintover_runtime_layer","game/rooms/church_of_the_drowned/props/poorbox.png","Interactive_church_of_the_drowned","separate clickable prop or wet/confession object layer","export_separate_png_and_preserve_godot_hotspot_metadata","verify alpha, bounds, hotspot center alignment, and role readability in Godot","export transparent runtime PNG, update import metadata only after hotspot map still validates"
"church_of_the_drowned_navigation_silhouette_grey_float","R09","church_of_the_drowned","Church of the Drowned","navigation_silhouette","paintover","Grey Float","pending_source","missing","art/src/backgrounds/act_i/navigation_silhouettes/church_of_the_drowned/togreyfloat.psd","game/rooms/church_of_the_drowned/background/church_of_the_drowned_bg.png","paintover_navigation_readability","game/rooms/church_of_the_drowned/background/church_of_the_drowned_bg.png","Navigation_church_of_the_drowned","exit readability and walk-band silhouette support","preserve_existing_exit_metadata","verify visible exit affordance, walk-band clarity, and no new unplanned route","paint into approved room pass or export exit visibility layer without moving coordinates"
"church_of_the_drowned_navigation_silhouette_salt_market","R09","church_of_the_drowned","Church of the Drowned","navigation_silhouette","paintover","Salt Market","pending_source","missing","art/src/backgrounds/act_i/navigation_silhouettes/church_of_the_drowned/tosaltmarket.psd","game/rooms/church_of_the_drowned/background/church_of_the_drowned_bg.png","paintover_navigation_readability","game/rooms/church_of_the_drowned/background/church_of_the_drowned_bg.png","Navigation_church_of_the_drowned","exit readability and walk-band silhouette support","preserve_existing_exit_metadata","verify visible exit affordance, walk-band clarity, and no new unplanned route","paint into approved room pass or export exit visibility layer without moving coordinates"
"grey_float_meshy_source_model_barge_wall_ribs","R10","grey_float","The Grey Float","meshy_source_model","Meshy","barge wall ribs","pending_source","missing","art/src/backgrounds/act_i/source_models/grey_float/barge_wall_ribs.glb","","blender_helper_geometry","art/src/backgrounds/act_i/blockouts/grey_float.blend","SourceModels_grey_float","perspective and silhouette reference for paintover","never_import_directly_to_godot","open_room_blend_and_confirm_scale_silhouette_palette_before_paintover","append to blockout collection, render a greybox/reference pass, then repaint into final room art"
"grey_float_meshy_source_model_steam_screen_partitions","R10","grey_float","The Grey Float","meshy_source_model","Meshy","steam-screen partitions","pending_source","missing","art/src/backgrounds/act_i/source_models/grey_float/steam_screen_partitions.glb","","blender_helper_geometry","art/src/backgrounds/act_i/blockouts/grey_float.blend","SourceModels_grey_float","perspective and silhouette reference for paintover","never_import_directly_to_godot","open_room_blend_and_confirm_scale_silhouette_palette_before_paintover","append to blockout collection, render a greybox/reference pass, then repaint into final room art"
"grey_float_meshy_source_model_lamp_clusters","R10","grey_float","The Grey Float","meshy_source_model","Meshy","lamp clusters","pending_source","missing","art/src/backgrounds/act_i/source_models/grey_float/lamp_clusters.glb","","blender_helper_geometry","art/src/backgrounds/act_i/blockouts/grey_float.blend","SourceModels_grey_float","perspective and silhouette reference for paintover","never_import_directly_to_godot","open_room_blend_and_confirm_scale_silhouette_palette_before_paintover","append to blockout collection, render a greybox/reference pass, then repaint into final room art"
"grey_float_meshy_source_model_bathhouse_railings","R10","grey_float","The Grey Float","meshy_source_model","Meshy","bathhouse railings","pending_source","missing","art/src/backgrounds/act_i/source_models/grey_float/bathhouse_railings.glb","","blender_helper_geometry","art/src/backgrounds/act_i/blockouts/grey_float.blend","SourceModels_grey_float","perspective and silhouette reference for paintover","never_import_directly_to_godot","open_room_blend_and_confirm_scale_silhouette_palette_before_paintover","append to blockout collection, render a greybox/reference pass, then repaint into final room art"
"grey_float_generated_reference_steam_density","R10","grey_float","The Grey Float","generated_reference","imagegen","steam density","pending_source","missing","docs/art/reference/act_i/grey_float/steam_density.png","","reference_board","docs/art/reference/act_i/grey_float","ReferenceBoard_grey_float","texture, edge, lighting, or dressing reference only","never_import_directly_to_godot","compare_against_locked_palette_and_existing_hotspot_readability","extract usable ideas into paintover notes; do not trace layout or replace the room plate"
"grey_float_generated_reference_warm_silhouette_privacy_shapes","R10","grey_float","The Grey Float","generated_reference","imagegen","warm silhouette privacy shapes","pending_source","missing","docs/art/reference/act_i/grey_float/warm_silhouette_privacy_shapes.png","","reference_board","docs/art/reference/act_i/grey_float","ReferenceBoard_grey_float","texture, edge, lighting, or dressing reference only","never_import_directly_to_godot","compare_against_locked_palette_and_existing_hotspot_readability","extract usable ideas into paintover notes; do not trace layout or replace the room plate"
"grey_float_generated_reference_non_explicit_labor_staging","R10","grey_float","The Grey Float","generated_reference","imagegen","non-explicit labor staging","pending_source","missing","docs/art/reference/act_i/grey_float/non_explicit_labor_staging.png","","reference_board","docs/art/reference/act_i/grey_float","ReferenceBoard_grey_float","texture, edge, lighting, or dressing reference only","never_import_directly_to_godot","compare_against_locked_palette_and_existing_hotspot_readability","extract usable ideas into paintover notes; do not trace layout or replace the room plate"
"grey_float_generated_reference_amber_trap_mood","R10","grey_float","The Grey Float","generated_reference","imagegen","amber trap mood","pending_source","missing","docs/art/reference/act_i/grey_float/amber_trap_mood.png","","reference_board","docs/art/reference/act_i/grey_float","ReferenceBoard_grey_float","texture, edge, lighting, or dressing reference only","never_import_directly_to_godot","compare_against_locked_palette_and_existing_hotspot_readability","extract usable ideas into paintover notes; do not trace layout or replace the room plate"
"grey_float_interactive_layer_bilge_regulator","R10","grey_float","The Grey Float","interactive_layer","paintover","Bilge regulator","pending_source","missing","art/src/backgrounds/act_i/interactive_layers/grey_float/bilgeregulator.psd","game/rooms/grey_float/props/bilgeregulator.png","paintover_runtime_layer","game/rooms/grey_float/props/bilgeregulator.png","Interactive_grey_float","separate clickable prop or wet/confession object layer","export_separate_png_and_preserve_godot_hotspot_metadata","verify alpha, bounds, hotspot center alignment, and role readability in Godot","export transparent runtime PNG, update import metadata only after hotspot map still validates"
"grey_float_interactive_layer_staff_corner","R10","grey_float","The Grey Float","interactive_layer","paintover","Staff corner","pending_source","missing","art/src/backgrounds/act_i/interactive_layers/grey_float/staffcorner.psd","game/rooms/grey_float/props/staffcorner.png","paintover_runtime_layer","game/rooms/grey_float/props/staffcorner.png","Interactive_grey_float","separate clickable prop or wet/confession object layer","export_separate_png_and_preserve_godot_hotspot_metadata","verify alpha, bounds, hotspot center alignment, and role readability in Godot","export transparent runtime PNG, update import metadata only after hotspot map still validates"
"grey_float_interactive_layer_hot_pool","R10","grey_float","The Grey Float","interactive_layer","paintover","Hot pool","pending_source","missing","art/src/backgrounds/act_i/interactive_layers/grey_float/hotpool.psd","game/rooms/grey_float/props/hotpool.png","paintover_runtime_layer","game/rooms/grey_float/props/hotpool.png","Interactive_grey_float","separate clickable prop or wet/confession object layer","export_separate_png_and_preserve_godot_hotspot_metadata","verify alpha, bounds, hotspot center alignment, and role readability in Godot","export transparent runtime PNG, update import metadata only after hotspot map still validates"
"grey_float_navigation_silhouette_harbormaster","R10","grey_float","The Grey Float","navigation_silhouette","paintover","Harbormaster","pending_source","missing","art/src/backgrounds/act_i/navigation_silhouettes/grey_float/toharbormaster.psd","game/rooms/grey_float/background/grey_float_bg.png","paintover_navigation_readability","game/rooms/grey_float/background/grey_float_bg.png","Navigation_grey_float","exit readability and walk-band silhouette support","preserve_existing_exit_metadata","verify visible exit affordance, walk-band clarity, and no new unplanned route","paint into approved room pass or export exit visibility layer without moving coordinates"
"grey_float_navigation_silhouette_church","R10","grey_float","The Grey Float","navigation_silhouette","paintover","Church","pending_source","missing","art/src/backgrounds/act_i/navigation_silhouettes/grey_float/tochurch.psd","game/rooms/grey_float/background/grey_float_bg.png","paintover_navigation_readability","game/rooms/grey_float/background/grey_float_bg.png","Navigation_grey_float","exit readability and walk-band silhouette support","preserve_existing_exit_metadata","verify visible exit affordance, walk-band clarity, and no new unplanned route","paint into approved room pass or export exit visibility layer without moving coordinates"
"harbormaster_office_meshy_source_model_office_desk","R11","harbormaster_office","Harbormaster's Office","meshy_source_model","Meshy","office desk","pending_source","missing","art/src/backgrounds/act_i/source_models/harbormaster_office/office_desk.glb","","blender_helper_geometry","art/src/backgrounds/act_i/blockouts/harbormaster_office.blend","SourceModels_harbormaster_office","perspective and silhouette reference for paintover","never_import_directly_to_godot","open_room_blend_and_confirm_scale_silhouette_palette_before_paintover","append to blockout collection, render a greybox/reference pass, then repaint into final room art"
"harbormaster_office_meshy_source_model_filing_wall","R11","harbormaster_office","Harbormaster's Office","meshy_source_model","Meshy","filing wall","pending_source","missing","art/src/backgrounds/act_i/source_models/harbormaster_office/filing_wall.glb","","blender_helper_geometry","art/src/backgrounds/act_i/blockouts/harbormaster_office.blend","SourceModels_harbormaster_office","perspective and silhouette reference for paintover","never_import_directly_to_godot","open_room_blend_and_confirm_scale_silhouette_palette_before_paintover","append to blockout collection, render a greybox/reference pass, then repaint into final room art"
"harbormaster_office_meshy_source_model_checklist_board","R11","harbormaster_office","Harbormaster's Office","meshy_source_model","Meshy","checklist board","pending_source","missing","art/src/backgrounds/act_i/source_models/harbormaster_office/checklist_board.glb","","blender_helper_geometry","art/src/backgrounds/act_i/blockouts/harbormaster_office.blend","SourceModels_harbormaster_office","perspective and silhouette reference for paintover","never_import_directly_to_godot","open_room_blend_and_confirm_scale_silhouette_palette_before_paintover","append to blockout collection, render a greybox/reference pass, then repaint into final room art"
"harbormaster_office_meshy_source_model_frosted_glass_door","R11","harbormaster_office","Harbormaster's Office","meshy_source_model","Meshy","frosted glass door","pending_source","missing","art/src/backgrounds/act_i/source_models/harbormaster_office/frosted_glass_door.glb","","blender_helper_geometry","art/src/backgrounds/act_i/blockouts/harbormaster_office.blend","SourceModels_harbormaster_office","perspective and silhouette reference for paintover","never_import_directly_to_godot","open_room_blend_and_confirm_scale_silhouette_palette_before_paintover","append to blockout collection, render a greybox/reference pass, then repaint into final room art"
"harbormaster_office_generated_reference_grime_texture","R11","harbormaster_office","Harbormaster's Office","generated_reference","imagegen","grime texture","pending_source","missing","docs/art/reference/act_i/harbormaster_office/grime_texture.png","","reference_board","docs/art/reference/act_i/harbormaster_office","ReferenceBoard_harbormaster_office","texture, edge, lighting, or dressing reference only","never_import_directly_to_godot","compare_against_locked_palette_and_existing_hotspot_readability","extract usable ideas into paintover notes; do not trace layout or replace the room plate"
"harbormaster_office_generated_reference_ink_wash_edge_breakup","R11","harbormaster_office","Harbormaster's Office","generated_reference","imagegen","ink-wash edge breakup","pending_source","missing","docs/art/reference/act_i/harbormaster_office/ink_wash_edge_breakup.png","","reference_board","docs/art/reference/act_i/harbormaster_office","ReferenceBoard_harbormaster_office","texture, edge, lighting, or dressing reference only","never_import_directly_to_godot","compare_against_locked_palette_and_existing_hotspot_readability","extract usable ideas into paintover notes; do not trace layout or replace the room plate"
"harbormaster_office_generated_reference_palette_safe_mood_reference","R11","harbormaster_office","Harbormaster's Office","generated_reference","imagegen","palette-safe mood reference","pending_source","missing","docs/art/reference/act_i/harbormaster_office/palette_safe_mood_reference.png","","reference_board","docs/art/reference/act_i/harbormaster_office","ReferenceBoard_harbormaster_office","texture, edge, lighting, or dressing reference only","never_import_directly_to_godot","compare_against_locked_palette_and_existing_hotspot_readability","extract usable ideas into paintover notes; do not trace layout or replace the room plate"
"harbormaster_office_generated_reference_non_clickable_dressing_silhouettes","R11","harbormaster_office","Harbormaster's Office","generated_reference","imagegen","non-clickable dressing silhouettes","pending_source","missing","docs/art/reference/act_i/harbormaster_office/non_clickable_dressing_silhouettes.png","","reference_board","docs/art/reference/act_i/harbormaster_office","ReferenceBoard_harbormaster_office","texture, edge, lighting, or dressing reference only","never_import_directly_to_godot","compare_against_locked_palette_and_existing_hotspot_readability","extract usable ideas into paintover notes; do not trace layout or replace the room plate"
"harbormaster_office_interactive_layer_checklist_clerk","R11","harbormaster_office","Harbormaster's Office","interactive_layer","paintover","Checklist clerk","pending_source","missing","art/src/backgrounds/act_i/interactive_layers/harbormaster_office/checklistclerk.psd","game/rooms/harbormaster_office/props/checklistclerk.png","paintover_runtime_layer","game/rooms/harbormaster_office/props/checklistclerk.png","Interactive_harbormaster_office","separate clickable prop or wet/confession object layer","export_separate_png_and_preserve_godot_hotspot_metadata","verify alpha, bounds, hotspot center alignment, and role readability in Godot","export transparent runtime PNG, update import metadata only after hotspot map still validates"
"harbormaster_office_navigation_silhouette_sabine","R11","harbormaster_office","Harbormaster's Office","navigation_silhouette","paintover","Sabine","pending_source","missing","art/src/backgrounds/act_i/navigation_silhouettes/harbormaster_office/tosabine.psd","game/rooms/harbormaster_office/background/harbormaster_office_bg.png","paintover_navigation_readability","game/rooms/harbormaster_office/background/harbormaster_office_bg.png","Navigation_harbormaster_office","exit readability and walk-band silhouette support","preserve_existing_exit_metadata","verify visible exit affordance, walk-band clarity, and no new unplanned route","paint into approved room pass or export exit visibility layer without moving coordinates"
"harbormaster_office_navigation_silhouette_grey_float","R11","harbormaster_office","Harbormaster's Office","navigation_silhouette","paintover","Grey Float","pending_source","missing","art/src/backgrounds/act_i/navigation_silhouettes/harbormaster_office/togreyfloat.psd","game/rooms/harbormaster_office/background/harbormaster_office_bg.png","paintover_navigation_readability","game/rooms/harbormaster_office/background/harbormaster_office_bg.png","Navigation_harbormaster_office","exit readability and walk-band silhouette support","preserve_existing_exit_metadata","verify visible exit affordance, walk-band clarity, and no new unplanned route","paint into approved room pass or export exit visibility layer without moving coordinates"
"sabine_office_meshy_source_model_sabine_desk","R12","sabine_office","Sabine's Office","meshy_source_model","Meshy","Sabine desk","pending_source","missing","art/src/backgrounds/act_i/source_models/sabine_office/sabine_desk.glb","","blender_helper_geometry","art/src/backgrounds/act_i/blockouts/sabine_office.blend","SourceModels_sabine_office","perspective and silhouette reference for paintover","never_import_directly_to_godot","open_room_blend_and_confirm_scale_silhouette_palette_before_paintover","append to blockout collection, render a greybox/reference pass, then repaint into final room art"
"sabine_office_meshy_source_model_window_frame","R12","sabine_office","Sabine's Office","meshy_source_model","Meshy","window frame","pending_source","missing","art/src/backgrounds/act_i/source_models/sabine_office/window_frame.glb","","blender_helper_geometry","art/src/backgrounds/act_i/blockouts/sabine_office.blend","SourceModels_sabine_office","perspective and silhouette reference for paintover","never_import_directly_to_godot","open_room_blend_and_confirm_scale_silhouette_palette_before_paintover","append to blockout collection, render a greybox/reference pass, then repaint into final room art"
"sabine_office_meshy_source_model_persian_rug_plane","R12","sabine_office","Sabine's Office","meshy_source_model","Meshy","Persian rug plane","pending_source","missing","art/src/backgrounds/act_i/source_models/sabine_office/persian_rug_plane.glb","","blender_helper_geometry","art/src/backgrounds/act_i/blockouts/sabine_office.blend","SourceModels_sabine_office","perspective and silhouette reference for paintover","never_import_directly_to_godot","open_room_blend_and_confirm_scale_silhouette_palette_before_paintover","append to blockout collection, render a greybox/reference pass, then repaint into final room art"
"sabine_office_meshy_source_model_wrist_check_staging_chair","R12","sabine_office","Sabine's Office","meshy_source_model","Meshy","wrist-check staging chair","pending_source","missing","art/src/backgrounds/act_i/source_models/sabine_office/wrist_check_staging_chair.glb","","blender_helper_geometry","art/src/backgrounds/act_i/blockouts/sabine_office.blend","SourceModels_sabine_office","perspective and silhouette reference for paintover","never_import_directly_to_godot","open_room_blend_and_confirm_scale_silhouette_palette_before_paintover","append to blockout collection, render a greybox/reference pass, then repaint into final room art"
"sabine_office_generated_reference_grime_texture","R12","sabine_office","Sabine's Office","generated_reference","imagegen","grime texture","pending_source","missing","docs/art/reference/act_i/sabine_office/grime_texture.png","","reference_board","docs/art/reference/act_i/sabine_office","ReferenceBoard_sabine_office","texture, edge, lighting, or dressing reference only","never_import_directly_to_godot","compare_against_locked_palette_and_existing_hotspot_readability","extract usable ideas into paintover notes; do not trace layout or replace the room plate"
"sabine_office_generated_reference_ink_wash_edge_breakup","R12","sabine_office","Sabine's Office","generated_reference","imagegen","ink-wash edge breakup","pending_source","missing","docs/art/reference/act_i/sabine_office/ink_wash_edge_breakup.png","","reference_board","docs/art/reference/act_i/sabine_office","ReferenceBoard_sabine_office","texture, edge, lighting, or dressing reference only","never_import_directly_to_godot","compare_against_locked_palette_and_existing_hotspot_readability","extract usable ideas into paintover notes; do not trace layout or replace the room plate"
"sabine_office_generated_reference_palette_safe_mood_reference","R12","sabine_office","Sabine's Office","generated_reference","imagegen","palette-safe mood reference","pending_source","missing","docs/art/reference/act_i/sabine_office/palette_safe_mood_reference.png","","reference_board","docs/art/reference/act_i/sabine_office","ReferenceBoard_sabine_office","texture, edge, lighting, or dressing reference only","never_import_directly_to_godot","compare_against_locked_palette_and_existing_hotspot_readability","extract usable ideas into paintover notes; do not trace layout or replace the room plate"
"sabine_office_generated_reference_non_clickable_dressing_silhouettes","R12","sabine_office","Sabine's Office","generated_reference","imagegen","non-clickable dressing silhouettes","pending_source","missing","docs/art/reference/act_i/sabine_office/non_clickable_dressing_silhouettes.png","","reference_board","docs/art/reference/act_i/sabine_office","ReferenceBoard_sabine_office","texture, edge, lighting, or dressing reference only","never_import_directly_to_godot","compare_against_locked_palette_and_existing_hotspot_readability","extract usable ideas into paintover notes; do not trace layout or replace the room plate"
"sabine_office_interactive_layer_sabine_s_desk","R12","sabine_office","Sabine's Office","interactive_layer","paintover","Sabine's desk","pending_source","missing","art/src/backgrounds/act_i/interactive_layers/sabine_office/sabinedesk.psd","game/rooms/sabine_office/props/sabinedesk.png","paintover_runtime_layer","game/rooms/sabine_office/props/sabinedesk.png","Interactive_sabine_office","separate clickable prop or wet/confession object layer","export_separate_png_and_preserve_godot_hotspot_metadata","verify alpha, bounds, hotspot center alignment, and role readability in Godot","export transparent runtime PNG, update import metadata only after hotspot map still validates"
"sabine_office_navigation_silhouette_harbormaster","R12","sabine_office","Sabine's Office","navigation_silhouette","paintover","Harbormaster","pending_source","missing","art/src/backgrounds/act_i/navigation_silhouettes/sabine_office/toharbormaster.psd","game/rooms/sabine_office/background/sabine_office_bg.png","paintover_navigation_readability","game/rooms/sabine_office/background/sabine_office_bg.png","Navigation_sabine_office","exit readability and walk-band silhouette support","preserve_existing_exit_metadata","verify visible exit affordance, walk-band clarity, and no new unplanned route","paint into approved room pass or export exit visibility layer without moving coordinates"
