"line_id","confession_id","part","speaker","character","text","word_count","category","weight","act_available","acquisition","source_file","source_ref","audio_path","recording_status","scratch_voice","scratch_voice_id","rule_note"
"vo_confession_cf_bt_manifest","cf_bt_manifest","confession","CORVIN","Corvin Vale","I read it. Twice.","4","BETRAYAL","8","1","EXCAVATED","data/confessions.json","data/confessions.json#cf_bt_manifest","vo/confessions/cf_bt_manifest.mp3","unrecorded","Callum","N2lVS1w4EtoT3dr4eOWO","Generated from data/confessions.json; do not hand-copy Litany text into Ink."
"vo_confession_cf_bt_manifest_elaboration","cf_bt_manifest","elaboration","CORVIN","Corvin Vale","The Kestrel manifest. Eleven people in that hold, listed as freight. I read it twice — I wanted to be certain of the number before I took the money.","28","BETRAYAL","8","1","EXCAVATED","data/confessions.json","data/confessions.json#cf_bt_manifest","vo/confessions/cf_bt_manifest_elaboration.mp3","unrecorded","Callum","N2lVS1w4EtoT3dr4eOWO","Generated from data/confessions.json; do not hand-copy Litany text into Ink."
"vo_confession_cf_cow_drink","cf_cow_drink","confession","CORVIN","Corvin Vale","I say 'we should get a drink' to people I'm hoping never to see again.","15","COWARDICE","1","1","OVERHEARD","data/confessions.json","data/confessions.json#cf_cow_drink","vo/confessions/cf_cow_drink.mp3","unrecorded","Callum","N2lVS1w4EtoT3dr4eOWO","Generated from data/confessions.json; do not hand-copy Litany text into Ink."
"vo_confession_cf_cow_drink_elaboration","cf_cow_drink","elaboration","CORVIN","Corvin Vale","I've said it to you. Twice.","6","COWARDICE","1","1","OVERHEARD","data/confessions.json","data/confessions.json#cf_cow_drink","vo/confessions/cf_cow_drink_elaboration.mp3","unrecorded","Callum","N2lVS1w4EtoT3dr4eOWO","Generated from data/confessions.json; do not hand-copy Litany text into Ink."
"vo_confession_cf_cow_apologize","cf_cow_apologize","confession","CORVIN","Corvin Vale","I've apologized to end conversations. Never to mean it.","9","COWARDICE","2","1","OVERHEARD","data/confessions.json","data/confessions.json#cf_cow_apologize","vo/confessions/cf_cow_apologize.mp3","unrecorded","Callum","N2lVS1w4EtoT3dr4eOWO","Generated from data/confessions.json; do not hand-copy Litany text into Ink."
"vo_confession_cf_cow_apologize_elaboration","cf_cow_apologize","elaboration","CORVIN","Corvin Vale","It's the fastest word in the language. Nobody checks it.","10","COWARDICE","2","1","OVERHEARD","data/confessions.json","data/confessions.json#cf_cow_apologize","vo/confessions/cf_cow_apologize_elaboration.mp3","unrecorded","Callum","N2lVS1w4EtoT3dr4eOWO","Generated from data/confessions.json; do not hand-copy Litany text into Ink."
"vo_confession_cf_cow_bigger","cf_cow_bigger","confession","CORVIN","Corvin Vale","I've agreed with men I despise because they were bigger.","10","COWARDICE","3","1","EXCAVATED","data/confessions.json","data/confessions.json#cf_cow_bigger","vo/confessions/cf_cow_bigger.mp3","unrecorded","Callum","N2lVS1w4EtoT3dr4eOWO","Generated from data/confessions.json; do not hand-copy Litany text into Ink."
"vo_confession_cf_cow_bigger_elaboration","cf_cow_bigger","elaboration","CORVIN","Corvin Vale","Every time. Without exception. I've never once found out what would happen if I didn't.","15","COWARDICE","3","1","EXCAVATED","data/confessions.json","data/confessions.json#cf_cow_bigger","vo/confessions/cf_cow_bigger_elaboration.mp3","unrecorded","Callum","N2lVS1w4EtoT3dr4eOWO","Generated from data/confessions.json; do not hand-copy Litany text into Ink."
"vo_confession_cf_cow_leftroom","cf_cow_leftroom","confession","CORVIN","Corvin Vale","I've left a room rather than say a true thing in it.","12","COWARDICE","3","1","OVERHEARD","data/confessions.json","data/confessions.json#cf_cow_leftroom","vo/confessions/cf_cow_leftroom.mp3","unrecorded","Callum","N2lVS1w4EtoT3dr4eOWO","Generated from data/confessions.json; do not hand-copy Litany text into Ink."
"vo_confession_cf_cow_leftroom_elaboration","cf_cow_leftroom","elaboration","CORVIN","Corvin Vale","I have a bad knee that flares up at exactly the right moment. It's a very obedient knee.","18","COWARDICE","3","1","OVERHEARD","data/confessions.json","data/confessions.json#cf_cow_leftroom","vo/confessions/cf_cow_leftroom_elaboration.mp3","unrecorded","Callum","N2lVS1w4EtoT3dr4eOWO","Generated from data/confessions.json; do not hand-copy Litany text into Ink."
"vo_confession_cf_cow_passive","cf_cow_passive","confession","CORVIN","Corvin Vale","I write in the passive voice.","6","COWARDICE","4","1","EXCAVATED","data/confessions.json","data/confessions.json#cf_cow_passive","vo/confessions/cf_cow_passive.mp3","unrecorded","Callum","N2lVS1w4EtoT3dr4eOWO","Generated from data/confessions.json; do not hand-copy Litany text into Ink."
"vo_confession_cf_cow_passive_elaboration","cf_cow_passive","elaboration","CORVIN","Corvin Vale","So nobody can find the hand that did it. *Errors were made. The cargo was cleared.* Twenty years of sentences with nobody in them.","24","COWARDICE","4","1","EXCAVATED","data/confessions.json","data/confessions.json#cf_cow_passive","vo/confessions/cf_cow_passive_elaboration.mp3","unrecorded","Callum","N2lVS1w4EtoT3dr4eOWO","Generated from data/confessions.json; do not hand-copy Litany text into Ink."
"vo_confession_cf_cruel_sermon","cf_cruel_sermon","confession","CORVIN","Corvin Vale","I told Teodor his sermon was good.","7","CRUELTY","2","1","OVERHEARD","data/confessions.json","data/confessions.json#cf_cruel_sermon","vo/confessions/cf_cruel_sermon.mp3","unrecorded","Callum","N2lVS1w4EtoT3dr4eOWO","Generated from data/confessions.json; do not hand-copy Litany text into Ink."
"vo_confession_cf_cruel_sermon_elaboration","cf_cruel_sermon","elaboration","CORVIN","Corvin Vale","It wasn't. I wanted to see how long he'd ride it. He's still riding it.","15","CRUELTY","2","1","OVERHEARD","data/confessions.json","data/confessions.json#cf_cruel_sermon","vo/confessions/cf_cruel_sermon_elaboration.mp3","unrecorded","Callum","N2lVS1w4EtoT3dr4eOWO","Generated from data/confessions.json; do not hand-copy Litany text into Ink."
"vo_confession_cf_cruel_funeral","cf_cruel_funeral","confession","CORVIN","Corvin Vale","I laughed at a funeral, and I wasn't nervous.","9","CRUELTY","3","1","OVERHEARD","data/confessions.json","data/confessions.json#cf_cruel_funeral","vo/confessions/cf_cruel_funeral.mp3","unrecorded","Callum","N2lVS1w4EtoT3dr4eOWO","Generated from data/confessions.json; do not hand-copy Litany text into Ink."
"vo_confession_cf_cruel_funeral_elaboration","cf_cruel_funeral","elaboration","CORVIN","Corvin Vale","It was just funny. It's still funny. I'd tell you but you'd have known him.","15","CRUELTY","3","1","OVERHEARD","data/confessions.json","data/confessions.json#cf_cruel_funeral","vo/confessions/cf_cruel_funeral_elaboration.mp3","unrecorded","Callum","N2lVS1w4EtoT3dr4eOWO","Generated from data/confessions.json; do not hand-copy Litany text into Ink."
"vo_confession_cf_cruel_sentences","cf_cruel_sentences","confession","CORVIN","Corvin Vale","I've never hit anyone.","4","CRUELTY","4","1","EXCAVATED","data/confessions.json","data/confessions.json#cf_cruel_sentences","vo/confessions/cf_cruel_sentences.mp3","unrecorded","Callum","N2lVS1w4EtoT3dr4eOWO","Generated from data/confessions.json; do not hand-copy Litany text into Ink."
"vo_confession_cf_cruel_sentences_elaboration","cf_cruel_sentences","elaboration","CORVIN","Corvin Vale","I've never had to. I'm very good with sentences. I've done more damage sitting down than most men manage standing up.","21","CRUELTY","4","1","EXCAVATED","data/confessions.json","data/confessions.json#cf_cruel_sentences","vo/confessions/cf_cruel_sentences_elaboration.mp3","unrecorded","Callum","N2lVS1w4EtoT3dr4eOWO","Generated from data/confessions.json; do not hand-copy Litany text into Ink."
"vo_confession_cf_cruel_soupline","cf_cruel_soupline","confession","CORVIN","Corvin Vale","I gave a beggar directions to a soup line.","9","CRUELTY","4","1","EXCAVATED","data/confessions.json","data/confessions.json#cf_cruel_soupline","vo/confessions/cf_cruel_soupline.mp3","unrecorded","Callum","N2lVS1w4EtoT3dr4eOWO","Generated from data/confessions.json; do not hand-copy Litany text into Ink."
"vo_confession_cf_cruel_soupline_elaboration","cf_cruel_soupline","elaboration","CORVIN","Corvin Vale","It closed in 'thirty-eight. I knew that. I wanted him to walk somewhere else and I didn't want to say so.","22","CRUELTY","4","1","EXCAVATED","data/confessions.json","data/confessions.json#cf_cruel_soupline","vo/confessions/cf_cruel_soupline_elaboration.mp3","unrecorded","Callum","N2lVS1w4EtoT3dr4eOWO","Generated from data/confessions.json; do not hand-copy Litany text into Ink."
"vo_confession_cf_greed_drink","cf_greed_drink","confession","CORVIN","Corvin Vale","I've never bought a drink I could talk someone into buying.","11","GREED","1","1","OVERHEARD","data/confessions.json","data/confessions.json#cf_greed_drink","vo/confessions/cf_greed_drink.mp3","unrecorded","Callum","N2lVS1w4EtoT3dr4eOWO","Generated from data/confessions.json; do not hand-copy Litany text into Ink."
"vo_confession_cf_greed_drink_elaboration","cf_greed_drink","elaboration","CORVIN","Corvin Vale","I have a face people want to be generous at. I've never corrected it.","14","GREED","1","1","OVERHEARD","data/confessions.json","data/confessions.json#cf_greed_drink","vo/confessions/cf_greed_drink_elaboration.mp3","unrecorded","Callum","N2lVS1w4EtoT3dr4eOWO","Generated from data/confessions.json; do not hand-copy Litany text into Ink."
"vo_confession_cf_greed_plate","cf_greed_plate","confession","CORVIN","Corvin Vale","I've taken change out of a collection plate.","8","GREED","2","1","OVERHEARD","data/confessions.json","data/confessions.json#cf_greed_plate","vo/confessions/cf_greed_plate.mp3","unrecorded","Callum","N2lVS1w4EtoT3dr4eOWO","Generated from data/confessions.json; do not hand-copy Litany text into Ink."
"vo_confession_cf_greed_plate_elaboration","cf_greed_plate","elaboration","CORVIN","Corvin Vale","Not coins. Notes. Coins make a sound.","7","GREED","2","1","OVERHEARD","data/confessions.json","data/confessions.json#cf_greed_plate","vo/confessions/cf_greed_plate_elaboration.mp3","unrecorded","Callum","N2lVS1w4EtoT3dr4eOWO","Generated from data/confessions.json; do not hand-copy Litany text into Ink."
"vo_confession_cf_greed_scales","cf_greed_scales","confession","CORVIN","Corvin Vale","I keep a second set of scales.","7","GREED","2","1","OVERHEARD","data/confessions.json","data/confessions.json#cf_greed_scales","vo/confessions/cf_greed_scales.mp3","unrecorded","Callum","N2lVS1w4EtoT3dr4eOWO","Generated from data/confessions.json; do not hand-copy Litany text into Ink."
"vo_confession_cf_greed_scales_elaboration","cf_greed_scales","elaboration","CORVIN","Corvin Vale","The honest ones are on the wall where you can see them. That's what they're for.","16","GREED","2","1","OVERHEARD","data/confessions.json","data/confessions.json#cf_greed_scales","vo/confessions/cf_greed_scales_elaboration.mp3","unrecorded","Callum","N2lVS1w4EtoT3dr4eOWO","Generated from data/confessions.json; do not hand-copy Litany text into Ink."
"vo_confession_cf_greed_widows","cf_greed_widows","confession","CORVIN","Corvin Vale","I charge widows double.","4","GREED","3","1","OVERHEARD","data/confessions.json","data/confessions.json#cf_greed_widows","vo/confessions/cf_greed_widows.mp3","unrecorded","Callum","N2lVS1w4EtoT3dr4eOWO","Generated from data/confessions.json; do not hand-copy Litany text into Ink."
"vo_confession_cf_greed_widows_elaboration","cf_greed_widows","elaboration","CORVIN","Corvin Vale","They cry less when it's expensive. Makes them feel like they've done something.","13","GREED","3","1","OVERHEARD","data/confessions.json","data/confessions.json#cf_greed_widows","vo/confessions/cf_greed_widows_elaboration.mp3","unrecorded","Callum","N2lVS1w4EtoT3dr4eOWO","Generated from data/confessions.json; do not hand-copy Litany text into Ink."
"vo_confession_cf_greed_wills","cf_greed_wills","confession","CORVIN","Corvin Vale","I've read every will I ever witnessed. Twice, if there was property.","12","GREED","3","1","EXCAVATED","data/confessions.json","data/confessions.json#cf_greed_wills","vo/confessions/cf_greed_wills.mp3","unrecorded","Callum","N2lVS1w4EtoT3dr4eOWO","Generated from data/confessions.json; do not hand-copy Litany text into Ink."
"vo_confession_cf_greed_wills_elaboration","cf_greed_wills","elaboration","CORVIN","Corvin Vale","You learn a family faster from a will than from a wedding.","12","GREED","3","1","EXCAVATED","data/confessions.json","data/confessions.json#cf_greed_wills","vo/confessions/cf_greed_wills_elaboration.mp3","unrecorded","Callum","N2lVS1w4EtoT3dr4eOWO","Generated from data/confessions.json; do not hand-copy Litany text into Ink."
"vo_confession_cf_greed_boots","cf_greed_boots","confession","CORVIN","Corvin Vale","I took a dead man's boots before I reported the body.","11","GREED","4","1","EXCAVATED","data/confessions.json","data/confessions.json#cf_greed_boots","vo/confessions/cf_greed_boots.mp3","unrecorded","Callum","N2lVS1w4EtoT3dr4eOWO","Generated from data/confessions.json; do not hand-copy Litany text into Ink."
"vo_confession_cf_greed_boots_elaboration","cf_greed_boots","elaboration","CORVIN","Corvin Vale","He'd been in the water two days. I waited for the tide to bring the second one.","17","GREED","4","1","EXCAVATED","data/confessions.json","data/confessions.json#cf_greed_boots","vo/confessions/cf_greed_boots_elaboration.mp3","unrecorded","Callum","N2lVS1w4EtoT3dr4eOWO","Generated from data/confessions.json; do not hand-copy Litany text into Ink."
"vo_confession_cf_lust_arguments","cf_lust_arguments","confession","CORVIN","Corvin Vale","I've kissed people to end arguments I was losing.","9","LUST","2","1","OVERHEARD","data/confessions.json","data/confessions.json#cf_lust_arguments","vo/confessions/cf_lust_arguments.mp3","unrecorded","Callum","N2lVS1w4EtoT3dr4eOWO","Generated from data/confessions.json; do not hand-copy Litany text into Ink."
"vo_confession_cf_lust_arguments_elaboration","cf_lust_arguments","elaboration","CORVIN","Corvin Vale","It works. That's the ugly part. It works almost every time.","11","LUST","2","1","OVERHEARD","data/confessions.json","data/confessions.json#cf_lust_arguments","vo/confessions/cf_lust_arguments_elaboration.mp3","unrecorded","Callum","N2lVS1w4EtoT3dr4eOWO","Generated from data/confessions.json; do not hand-copy Litany text into Ink."
"vo_confession_cf_lust_advice","cf_lust_advice","confession","CORVIN","Corvin Vale","I've undressed every woman who's ever asked me for legal advice.","11","LUST","3","1","EXCAVATED","data/confessions.json","data/confessions.json#cf_lust_advice","vo/confessions/cf_lust_advice.mp3","unrecorded","Callum","N2lVS1w4EtoT3dr4eOWO","Generated from data/confessions.json; do not hand-copy Litany text into Ink."
"vo_confession_cf_lust_advice_elaboration","cf_lust_advice","elaboration","CORVIN","Corvin Vale","Not with my hands. That would at least have been honest.","11","LUST","3","1","EXCAVATED","data/confessions.json","data/confessions.json#cf_lust_advice","vo/confessions/cf_lust_advice_elaboration.mp3","unrecorded","Callum","N2lVS1w4EtoT3dr4eOWO","Generated from data/confessions.json; do not hand-copy Litany text into Ink."
"vo_confession_cf_lust_tar","cf_lust_tar","confession","CORVIN","Corvin Vale","There's a smell — tar and orange peel — that stops me dead in the street.","14","LUST","3","1","EXCAVATED","data/confessions.json","data/confessions.json#cf_lust_tar","vo/confessions/cf_lust_tar.mp3","unrecorded","Callum","N2lVS1w4EtoT3dr4eOWO","Generated from data/confessions.json; do not hand-copy Litany text into Ink."
"vo_confession_cf_lust_tar_elaboration","cf_lust_tar","elaboration","CORVIN","Corvin Vale","I stand there like an idiot until it's gone. Twelve years. I still do it. I did it yesterday and I don't have a nose anymore.","26","LUST","3","1","EXCAVATED","data/confessions.json","data/confessions.json#cf_lust_tar","vo/confessions/cf_lust_tar_elaboration.mp3","unrecorded","Callum","N2lVS1w4EtoT3dr4eOWO","Generated from data/confessions.json; do not hand-copy Litany text into Ink."
"vo_confession_cf_lust_float","cf_lust_float","confession","CORVIN","Corvin Vale","I go to the Float and pay for conversation.","9","LUST","4","1","OVERHEARD","data/confessions.json","data/confessions.json#cf_lust_float","vo/confessions/cf_lust_float.mp3","unrecorded","Callum","N2lVS1w4EtoT3dr4eOWO","Generated from data/confessions.json; do not hand-copy Litany text into Ink."
"vo_confession_cf_lust_float_elaboration","cf_lust_float","elaboration","CORVIN","Corvin Vale","And I let them think it's the other thing, because the other thing is less embarrassing to want.","18","LUST","4","1","OVERHEARD","data/confessions.json","data/confessions.json#cf_lust_float","vo/confessions/cf_lust_float_elaboration.mp3","unrecorded","Callum","N2lVS1w4EtoT3dr4eOWO","Generated from data/confessions.json; do not hand-copy Litany text into Ink."
"vo_confession_cf_lust_schedule","cf_lust_schedule","confession","CORVIN","Corvin Vale","I learned her husband's schedule before I learned her name.","10","LUST","5","1","EXCAVATED","data/confessions.json","data/confessions.json#cf_lust_schedule","vo/confessions/cf_lust_schedule.mp3","unrecorded","Callum","N2lVS1w4EtoT3dr4eOWO","Generated from data/confessions.json; do not hand-copy Litany text into Ink."
"vo_confession_cf_lust_schedule_elaboration","cf_lust_schedule","elaboration","CORVIN","Corvin Vale","I told myself it was diligence.","6","LUST","5","1","EXCAVATED","data/confessions.json","data/confessions.json#cf_lust_schedule","vo/confessions/cf_lust_schedule_elaboration.mp3","unrecorded","Callum","N2lVS1w4EtoT3dr4eOWO","Generated from data/confessions.json; do not hand-copy Litany text into Ink."
"vo_confession_cf_pride_hated","cf_pride_hated","confession","CORVIN","Corvin Vale","I'd rather be hated accurately than liked by mistake.","9","PRIDE","2","1","OVERHEARD","data/confessions.json","data/confessions.json#cf_pride_hated","vo/confessions/cf_pride_hated.mp3","unrecorded","Callum","N2lVS1w4EtoT3dr4eOWO","Generated from data/confessions.json; do not hand-copy Litany text into Ink."
"vo_confession_cf_pride_hated_elaboration","cf_pride_hated","elaboration","CORVIN","Corvin Vale","I've arranged my entire life around that and I've never once examined it.","13","PRIDE","2","1","OVERHEARD","data/confessions.json","data/confessions.json#cf_pride_hated","vo/confessions/cf_pride_hated_elaboration.mp3","unrecorded","Callum","N2lVS1w4EtoT3dr4eOWO","Generated from data/confessions.json; do not hand-copy Litany text into Ink."
"vo_confession_cf_pride_voice","cf_pride_voice","confession","CORVIN","Corvin Vale","I'm dead and I'm still doing the voice.","8","PRIDE","2","1","OVERHEARD","data/confessions.json","data/confessions.json#cf_pride_voice","vo/confessions/cf_pride_voice.mp3","unrecorded","Callum","N2lVS1w4EtoT3dr4eOWO","Generated from data/confessions.json; do not hand-copy Litany text into Ink."
"vo_confession_cf_pride_voice_elaboration","cf_pride_voice","elaboration","CORVIN","Corvin Vale","The one I use for clients. Lower. Slower. You've been hearing it this whole time.","15","PRIDE","2","1","OVERHEARD","data/confessions.json","data/confessions.json#cf_pride_voice","vo/confessions/cf_pride_voice_elaboration.mp3","unrecorded","Callum","N2lVS1w4EtoT3dr4eOWO","Generated from data/confessions.json; do not hand-copy Litany text into Ink."
"vo_confession_cf_pride_dontknow","cf_pride_dontknow","confession","CORVIN","Corvin Vale","I've never once said 'I don't know' to a paying client.","11","PRIDE","3","1","OVERHEARD","data/confessions.json","data/confessions.json#cf_pride_dontknow","vo/confessions/cf_pride_dontknow.mp3","unrecorded","Callum","N2lVS1w4EtoT3dr4eOWO","Generated from data/confessions.json; do not hand-copy Litany text into Ink."
"vo_confession_cf_pride_dontknow_elaboration","cf_pride_dontknow","elaboration","CORVIN","Corvin Vale","I've said a great many other things instead. Some of them were even true.","14","PRIDE","3","1","OVERHEARD","data/confessions.json","data/confessions.json#cf_pride_dontknow","vo/confessions/cf_pride_dontknow_elaboration.mp3","unrecorded","Callum","N2lVS1w4EtoT3dr4eOWO","Generated from data/confessions.json; do not hand-copy Litany text into Ink."
"vo_confession_cf_pride_list","cf_pride_list","confession","CORVIN","Corvin Vale","I keep a list of everyone who's ever been wrong about me.","12","PRIDE","3","1","EXCAVATED","data/confessions.json","data/confessions.json#cf_pride_list","vo/confessions/cf_pride_list.mp3","unrecorded","Callum","N2lVS1w4EtoT3dr4eOWO","Generated from data/confessions.json; do not hand-copy Litany text into Ink."
"vo_confession_cf_pride_list_elaboration","cf_pride_list","elaboration","CORVIN","Corvin Vale","It's alphabetical. It's four pages. I update it.","8","PRIDE","3","1","EXCAVATED","data/confessions.json","data/confessions.json#cf_pride_list","vo/confessions/cf_pride_list_elaboration.mp3","unrecorded","Callum","N2lVS1w4EtoT3dr4eOWO","Generated from data/confessions.json; do not hand-copy Litany text into Ink."
"vo_confession_cf_pride_twice","cf_pride_twice","confession","CORVIN","Corvin Vale","I've been the smartest man in a room exactly twice.","10","PRIDE","3","1","EXCAVATED","data/confessions.json","data/confessions.json#cf_pride_twice","vo/confessions/cf_pride_twice.mp3","unrecorded","Callum","N2lVS1w4EtoT3dr4eOWO","Generated from data/confessions.json; do not hand-copy Litany text into Ink."
"vo_confession_cf_pride_twice_elaboration","cf_pride_twice","elaboration","CORVIN","Corvin Vale","And I've never let anyone forget either occasion, including the people who weren't there.","14","PRIDE","3","1","EXCAVATED","data/confessions.json","data/confessions.json#cf_pride_twice","vo/confessions/cf_pride_twice_elaboration.mp3","unrecorded","Callum","N2lVS1w4EtoT3dr4eOWO","Generated from data/confessions.json; do not hand-copy Litany text into Ink."
"vo_confession_cf_pride_grammar","cf_pride_grammar","confession","CORVIN","Corvin Vale","I corrected a dying man's grammar.","6","PRIDE","4","1","OVERHEARD","data/confessions.json","data/confessions.json#cf_pride_grammar","vo/confessions/cf_pride_grammar.mp3","unrecorded","Callum","N2lVS1w4EtoT3dr4eOWO","Generated from data/confessions.json; do not hand-copy Litany text into Ink."
"vo_confession_cf_pride_grammar_elaboration","cf_pride_grammar","elaboration","CORVIN","Corvin Vale","He had about nine minutes left and I spent one of them on 'whom.'","15","PRIDE","4","1","OVERHEARD","data/confessions.json","data/confessions.json#cf_pride_grammar","vo/confessions/cf_pride_grammar_elaboration.mp3","unrecorded","Callum","N2lVS1w4EtoT3dr4eOWO","Generated from data/confessions.json; do not hand-copy Litany text into Ink."
"vo_confession_cf_pride_counselor","cf_pride_counselor","confession","CORVIN","Corvin Vale","I let people call me 'counselor.'","7","PRIDE","5","1","EXCAVATED","data/confessions.json","data/confessions.json#cf_pride_counselor","vo/confessions/cf_pride_counselor.mp3","unrecorded","Callum","N2lVS1w4EtoT3dr4eOWO","Generated from data/confessions.json; do not hand-copy Litany text into Ink."
"vo_confession_cf_pride_counselor_elaboration","cf_pride_counselor","elaboration","CORVIN","Corvin Vale","I've never passed a bar. I've never sat one. I've never been in a room where one was being sat.","20","PRIDE","5","1","EXCAVATED","data/confessions.json","data/confessions.json#cf_pride_counselor","vo/confessions/cf_pride_counselor_elaboration.mp3","unrecorded","Callum","N2lVS1w4EtoT3dr4eOWO","Generated from data/confessions.json; do not hand-copy Litany text into Ink."
"vo_confession_cf_bt_harbor","cf_bt_harbor","confession","CORVIN","Corvin Vale","I signed her out of her own harbor.","8","BETRAYAL","8","2","COMMITTED","data/confessions.json","data/confessions.json#cf_bt_harbor","vo/confessions/cf_bt_harbor.mp3","unrecorded","Callum","N2lVS1w4EtoT3dr4eOWO","Generated from data/confessions.json; do not hand-copy Litany text into Ink."
"vo_confession_cf_bt_harbor_elaboration","cf_bt_harbor","elaboration","CORVIN","Corvin Vale","Sabine gave me one document to witness and told me not to read it. So I read it, and I understood it, and I notarized it anyway, and that signature is why Kane can walk into her office whenever he likes.","41","BETRAYAL","8","2","COMMITTED","data/confessions.json","data/confessions.json#cf_bt_harbor","vo/confessions/cf_bt_harbor_elaboration.mp3","unrecorded","Callum","N2lVS1w4EtoT3dr4eOWO","Generated from data/confessions.json; do not hand-copy Litany text into Ink."
"vo_confession_cf_bt_tomas","cf_bt_tomas","confession","CORVIN","Corvin Vale","I gave them Tomas's name.","5","BETRAYAL","8","2","EXCAVATED","data/confessions.json","data/confessions.json#cf_bt_tomas","vo/confessions/cf_bt_tomas.mp3","unrecorded","Callum","N2lVS1w4EtoT3dr4eOWO","Generated from data/confessions.json; do not hand-copy Litany text into Ink."
"vo_confession_cf_bt_tomas_elaboration","cf_bt_tomas","elaboration","CORVIN","Corvin Vale","He's the third bollard past the customs house. People tie boats to him. He's still glad to see me. That's the worst of it — he's still glad to see me and he doesn't know why he shouldn't be.","38","BETRAYAL","8","2","EXCAVATED","data/confessions.json","data/confessions.json#cf_bt_tomas","vo/confessions/cf_bt_tomas_elaboration.mp3","unrecorded","Callum","N2lVS1w4EtoT3dr4eOWO","Generated from data/confessions.json; do not hand-copy Litany text into Ink."
"vo_confession_cf_cow_father","cf_cow_father","confession","CORVIN","Corvin Vale","I've been dead nine days and I haven't gone to see my father's grave.","14","COWARDICE","5","2","EXCAVATED","data/confessions.json","data/confessions.json#cf_cow_father","vo/confessions/cf_cow_father.mp3","unrecorded","Callum","N2lVS1w4EtoT3dr4eOWO","Generated from data/confessions.json; do not hand-copy Litany text into Ink."
"vo_confession_cf_cow_father_elaboration","cf_cow_father","elaboration","CORVIN","Corvin Vale","It's four streets. I've walked past the gate twice. I have six days left and I'm going to spend them not doing it.","23","COWARDICE","5","2","EXCAVATED","data/confessions.json","data/confessions.json#cf_cow_father","vo/confessions/cf_cow_father_elaboration.mp3","unrecorded","Callum","N2lVS1w4EtoT3dr4eOWO","Generated from data/confessions.json; do not hand-copy Litany text into Ink."
"vo_confession_cf_cow_questions","cf_cow_questions","confession","CORVIN","Corvin Vale","I've never asked her a question I didn't already know the answer to.","13","COWARDICE","5","2","EXCAVATED","data/confessions.json","data/confessions.json#cf_cow_questions","vo/confessions/cf_cow_questions.mp3","unrecorded","Callum","N2lVS1w4EtoT3dr4eOWO","Generated from data/confessions.json; do not hand-copy Litany text into Ink."
"vo_confession_cf_cow_questions_elaboration","cf_cow_questions","elaboration","CORVIN","Corvin Vale","In case. Twelve years of conversation and I've never once been surprised on purpose.","14","COWARDICE","5","2","EXCAVATED","data/confessions.json","data/confessions.json#cf_cow_questions","vo/confessions/cf_cow_questions_elaboration.mp3","unrecorded","Callum","N2lVS1w4EtoT3dr4eOWO","Generated from data/confessions.json; do not hand-copy Litany text into Ink."
"vo_confession_cf_cow_fire","cf_cow_fire","confession","CORVIN","Corvin Vale","I ran from a fire and told myself I was going for help.","13","COWARDICE","6","2","EXCAVATED","data/confessions.json","data/confessions.json#cf_cow_fire","vo/confessions/cf_cow_fire.mp3","unrecorded","Callum","N2lVS1w4EtoT3dr4eOWO","Generated from data/confessions.json; do not hand-copy Litany text into Ink."
"vo_confession_cf_cow_fire_elaboration","cf_cow_fire","elaboration","CORVIN","Corvin Vale","I went home. I made tea. I read for an hour. I remember what I read.","16","COWARDICE","6","2","EXCAVATED","data/confessions.json","data/confessions.json#cf_cow_fire","vo/confessions/cf_cow_fire_elaboration.mp3","unrecorded","Callum","N2lVS1w4EtoT3dr4eOWO","Generated from data/confessions.json; do not hand-copy Litany text into Ink."
"vo_confession_cf_cruel_names","cf_cruel_names","confession","CORVIN","Corvin Vale","I've made three people cry on purpose.","7","CRUELTY","5","2","EXCAVATED","data/confessions.json","data/confessions.json#cf_cruel_names","vo/confessions/cf_cruel_names.mp3","unrecorded","Callum","N2lVS1w4EtoT3dr4eOWO","Generated from data/confessions.json; do not hand-copy Litany text into Ink."
"vo_confession_cf_cruel_names_elaboration","cf_cruel_names","elaboration","CORVIN","Corvin Vale","I remember all their names. Fondly. That's the confession — not the crying, the fondly.","14","CRUELTY","5","2","EXCAVATED","data/confessions.json","data/confessions.json#cf_cruel_names","vo/confessions/cf_cruel_names_elaboration.mp3","unrecorded","Callum","N2lVS1w4EtoT3dr4eOWO","Generated from data/confessions.json; do not hand-copy Litany text into Ink."
"vo_confession_cf_cruel_receipts","cf_cruel_receipts","confession","CORVIN","Corvin Vale","I keep people's worst moments the way other men keep receipts.","11","CRUELTY","5","2","EXCAVATED","data/confessions.json","data/confessions.json#cf_cruel_receipts","vo/confessions/cf_cruel_receipts.mp3","unrecorded","Callum","N2lVS1w4EtoT3dr4eOWO","Generated from data/confessions.json; do not hand-copy Litany text into Ink."
"vo_confession_cf_cruel_receipts_elaboration","cf_cruel_receipts","elaboration","CORVIN","Corvin Vale","Filed. Dated. I know exactly where every one of them is and I can produce it inside a minute.","19","CRUELTY","5","2","EXCAVATED","data/confessions.json","data/confessions.json#cf_cruel_receipts","vo/confessions/cf_cruel_receipts_elaboration.mp3","unrecorded","Callum","N2lVS1w4EtoT3dr4eOWO","Generated from data/confessions.json; do not hand-copy Litany text into Ink."
"vo_confession_cf_cruel_adelie","cf_cruel_adelie","confession","CORVIN","Corvin Vale","I let Adelie tell me about her husband for a full hour.","12","CRUELTY","6","2","COMMITTED","data/confessions.json","data/confessions.json#cf_cruel_adelie","vo/confessions/cf_cruel_adelie.mp3","unrecorded","Callum","N2lVS1w4EtoT3dr4eOWO","Generated from data/confessions.json; do not hand-copy Litany text into Ink."
"vo_confession_cf_cruel_adelie_elaboration","cf_cruel_adelie","elaboration","CORVIN","Corvin Vale","I already knew he'd sold her. I let her get all the way to the end of the good version first.","21","CRUELTY","6","2","COMMITTED","data/confessions.json","data/confessions.json#cf_cruel_adelie","vo/confessions/cf_cruel_adelie_elaboration.mp3","unrecorded","Callum","N2lVS1w4EtoT3dr4eOWO","Generated from data/confessions.json; do not hand-copy Litany text into Ink."
"vo_confession_cf_cruel_child","cf_cruel_child","confession","CORVIN","Corvin Vale","I told a child the truth about his father.","9","CRUELTY","6","2","COMMITTED","data/confessions.json","data/confessions.json#cf_cruel_child","vo/confessions/cf_cruel_child.mp3","unrecorded","Callum","N2lVS1w4EtoT3dr4eOWO","Generated from data/confessions.json; do not hand-copy Litany text into Ink."
"vo_confession_cf_cruel_child_elaboration","cf_cruel_child","elaboration","CORVIN","Corvin Vale","Not to help him. I was tired and he was standing between me and a door.","16","CRUELTY","6","2","COMMITTED","data/confessions.json","data/confessions.json#cf_cruel_child","vo/confessions/cf_cruel_child_elaboration.mp3","unrecorded","Callum","N2lVS1w4EtoT3dr4eOWO","Generated from data/confessions.json; do not hand-copy Litany text into Ink."
"vo_confession_cf_greed_writeoff","cf_greed_writeoff","confession","CORVIN","Corvin Vale","I've never given anything away I couldn't write off.","9","GREED","4","2","EXCAVATED","data/confessions.json","data/confessions.json#cf_greed_writeoff","vo/confessions/cf_greed_writeoff.mp3","unrecorded","Callum","N2lVS1w4EtoT3dr4eOWO","Generated from data/confessions.json; do not hand-copy Litany text into Ink."
"vo_confession_cf_greed_writeoff_elaboration","cf_greed_writeoff","elaboration","CORVIN","Corvin Vale","There's a column for charity. That's the only place it's ever appeared.","12","GREED","4","2","EXCAVATED","data/confessions.json","data/confessions.json#cf_greed_writeoff","vo/confessions/cf_greed_writeoff_elaboration.mp3","unrecorded","Callum","N2lVS1w4EtoT3dr4eOWO","Generated from data/confessions.json; do not hand-copy Litany text into Ink."
"vo_confession_cf_greed_berth","cf_greed_berth","confession","CORVIN","Corvin Vale","I sold the same berth twice in one morning and stood on the quay to watch them work it out.","20","GREED","5","2","EXCAVATED","data/confessions.json","data/confessions.json#cf_greed_berth","vo/confessions/cf_greed_berth.mp3","unrecorded","Callum","N2lVS1w4EtoT3dr4eOWO","Generated from data/confessions.json; do not hand-copy Litany text into Ink."
"vo_confession_cf_greed_berth_elaboration","cf_greed_berth","elaboration","CORVIN","Corvin Vale","One of them lost a thumb. I'd already been paid by both, so I stayed for the end.","18","GREED","5","2","EXCAVATED","data/confessions.json","data/confessions.json#cf_greed_berth","vo/confessions/cf_greed_berth_elaboration.mp3","unrecorded","Callum","N2lVS1w4EtoT3dr4eOWO","Generated from data/confessions.json; do not hand-copy Litany text into Ink."
"vo_confession_cf_greed_candles","cf_greed_candles","confession","CORVIN","Corvin Vale","I charged the Church for candles I stole from the Church.","11","GREED","5","2","COMMITTED","data/confessions.json","data/confessions.json#cf_greed_candles","vo/confessions/cf_greed_candles.mp3","unrecorded","Callum","N2lVS1w4EtoT3dr4eOWO","Generated from data/confessions.json; do not hand-copy Litany text into Ink."
"vo_confession_cf_greed_candles_elaboration","cf_greed_candles","elaboration","CORVIN","Corvin Vale","Teodor thanked me for the discount.","6","GREED","5","2","COMMITTED","data/confessions.json","data/confessions.json#cf_greed_candles","vo/confessions/cf_greed_candles_elaboration.mp3","unrecorded","Callum","N2lVS1w4EtoT3dr4eOWO","Generated from data/confessions.json; do not hand-copy Litany text into Ink."
"vo_confession_cf_greed_ring","cf_greed_ring","confession","CORVIN","Corvin Vale","I let a boy pay me with his mother's ring.","10","GREED","6","2","EXCAVATED","data/confessions.json","data/confessions.json#cf_greed_ring","vo/confessions/cf_greed_ring.mp3","unrecorded","Callum","N2lVS1w4EtoT3dr4eOWO","Generated from data/confessions.json; do not hand-copy Litany text into Ink."
"vo_confession_cf_greed_ring_elaboration","cf_greed_ring","elaboration","CORVIN","Corvin Vale","I knew whose it was. I knew she was still alive. I asked if she'd want him to have it, and he said yes, and I took it anyway.","29","GREED","6","2","EXCAVATED","data/confessions.json","data/confessions.json#cf_greed_ring","vo/confessions/cf_greed_ring_elaboration.mp3","unrecorded","Callum","N2lVS1w4EtoT3dr4eOWO","Generated from data/confessions.json; do not hand-copy Litany text into Ink."
"vo_confession_cf_lust_burn","cf_lust_burn","confession","CORVIN","Corvin Vale","I memorized the burn on her arm before I ever asked how she got it.","15","LUST","4","2","EXCAVATED","data/confessions.json","data/confessions.json#cf_lust_burn","vo/confessions/cf_lust_burn.mp3","unrecorded","Callum","N2lVS1w4EtoT3dr4eOWO","Generated from data/confessions.json; do not hand-copy Litany text into Ink."
"vo_confession_cf_lust_burn_elaboration","cf_lust_burn","elaboration","CORVIN","Corvin Vale","I still haven't asked. I like the version I made up.","11","LUST","4","2","EXCAVATED","data/confessions.json","data/confessions.json#cf_lust_burn","vo/confessions/cf_lust_burn_elaboration.mp3","unrecorded","Callum","N2lVS1w4EtoT3dr4eOWO","Generated from data/confessions.json; do not hand-copy Litany text into Ink."
"vo_confession_cf_lust_timing","cf_lust_timing","confession","CORVIN","Corvin Vale","I wanted her before she was free to want me back.","11","LUST","5","2","EXCAVATED","data/confessions.json","data/confessions.json#cf_lust_timing","vo/confessions/cf_lust_timing.mp3","unrecorded","Callum","N2lVS1w4EtoT3dr4eOWO","Generated from data/confessions.json; do not hand-copy Litany text into Ink."
"vo_confession_cf_lust_timing_elaboration","cf_lust_timing","elaboration","CORVIN","Corvin Vale","And I made sure she knew it. At the worst possible moment. On purpose, so she'd have to carry it too.","21","LUST","5","2","EXCAVATED","data/confessions.json","data/confessions.json#cf_lust_timing","vo/confessions/cf_lust_timing_elaboration.mp3","unrecorded","Callum","N2lVS1w4EtoT3dr4eOWO","Generated from data/confessions.json; do not hand-copy Litany text into Ink."
"vo_confession_cf_lust_marriages","cf_lust_marriages","confession","CORVIN","Corvin Vale","I've notarized four marriages I was actively trying to ruin.","10","LUST","6","2","EXCAVATED","data/confessions.json","data/confessions.json#cf_lust_marriages","vo/confessions/cf_lust_marriages.mp3","unrecorded","Callum","N2lVS1w4EtoT3dr4eOWO","Generated from data/confessions.json; do not hand-copy Litany text into Ink."
"vo_confession_cf_lust_marriages_elaboration","cf_lust_marriages","elaboration","CORVIN","Corvin Vale","I have very good handwriting. Nobody looks at a man with good handwriting and thinks about what he wants.","19","LUST","6","2","EXCAVATED","data/confessions.json","data/confessions.json#cf_lust_marriages","vo/confessions/cf_lust_marriages_elaboration.mp3","unrecorded","Callum","N2lVS1w4EtoT3dr4eOWO","Generated from data/confessions.json; do not hand-copy Litany text into Ink."
"vo_confession_cf_lust_waiting","cf_lust_waiting","confession","CORVIN","Corvin Vale","I told her I'd wait.","5","LUST","6","2","EXCAVATED","data/confessions.json","data/confessions.json#cf_lust_waiting","vo/confessions/cf_lust_waiting.mp3","unrecorded","Callum","N2lVS1w4EtoT3dr4eOWO","Generated from data/confessions.json; do not hand-copy Litany text into Ink."
"vo_confession_cf_lust_waiting_elaboration","cf_lust_waiting","elaboration","CORVIN","Corvin Vale","I didn't wait. That's not the confession. The confession is that I never told her when I stopped, so she was still being faithful to something that wasn't there.","29","LUST","6","2","EXCAVATED","data/confessions.json","data/confessions.json#cf_lust_waiting","vo/confessions/cf_lust_waiting_elaboration.mp3","unrecorded","Callum","N2lVS1w4EtoT3dr4eOWO","Generated from data/confessions.json; do not hand-copy Litany text into Ink."
"vo_confession_cf_pride_handwriting","cf_pride_handwriting","confession","CORVIN","Corvin Vale","When they struck my name off the roll, the part that hurt was the handwriting.","15","PRIDE","4","2","EXCAVATED","data/confessions.json","data/confessions.json#cf_pride_handwriting","vo/confessions/cf_pride_handwriting.mp3","unrecorded","Callum","N2lVS1w4EtoT3dr4eOWO","Generated from data/confessions.json; do not hand-copy Litany text into Ink."
"vo_confession_cf_pride_handwriting_elaboration","cf_pride_handwriting","elaboration","CORVIN","Corvin Vale","They didn't even do it neatly. Four thousand names in that book and mine's the one they scratched.","18","PRIDE","4","2","EXCAVATED","data/confessions.json","data/confessions.json#cf_pride_handwriting","vo/confessions/cf_pride_handwriting_elaboration.mp3","unrecorded","Callum","N2lVS1w4EtoT3dr4eOWO","Generated from data/confessions.json; do not hand-copy Litany text into Ink."
"vo_confession_cf_pride_eulogy","cf_pride_eulogy","confession","CORVIN","Corvin Vale","I've been practicing my own eulogy for years.","8","PRIDE","5","2","EXCAVATED","data/confessions.json","data/confessions.json#cf_pride_eulogy","vo/confessions/cf_pride_eulogy.mp3","unrecorded","Callum","N2lVS1w4EtoT3dr4eOWO","Generated from data/confessions.json; do not hand-copy Litany text into Ink."
"vo_confession_cf_pride_eulogy_elaboration","cf_pride_eulogy","elaboration","CORVIN","Corvin Vale","I got to hear it. It was nothing like mine. It was four sentences and one of them was about the weather.","22","PRIDE","5","2","EXCAVATED","data/confessions.json","data/confessions.json#cf_pride_eulogy","vo/confessions/cf_pride_eulogy_elaboration.mp3","unrecorded","Callum","N2lVS1w4EtoT3dr4eOWO","Generated from data/confessions.json; do not hand-copy Litany text into Ink."
"vo_confession_cf_pride_famine","cf_pride_famine","confession","CORVIN","Corvin Vale","I turned down honest work because the title was beneath me.","11","PRIDE","5","2","EXCAVATED","data/confessions.json","data/confessions.json#cf_pride_famine","vo/confessions/cf_pride_famine.mp3","unrecorded","Callum","N2lVS1w4EtoT3dr4eOWO","Generated from data/confessions.json; do not hand-copy Litany text into Ink."
"vo_confession_cf_pride_famine_elaboration","cf_pride_famine","elaboration","CORVIN","Corvin Vale","Twice. During the 'thirty-nine famine. I ate. Other people made other arrangements.","13","PRIDE","5","2","EXCAVATED","data/confessions.json","data/confessions.json#cf_pride_famine","vo/confessions/cf_pride_famine_elaboration.mp3","unrecorded","Callum","N2lVS1w4EtoT3dr4eOWO","Generated from data/confessions.json; do not hand-copy Litany text into Ink."
"vo_confession_cf_pride_lastwords","cf_pride_lastwords","confession","CORVIN","Corvin Vale","I rewrote a man's last words.","6","PRIDE","6","2","EXCAVATED","data/confessions.json","data/confessions.json#cf_pride_lastwords","vo/confessions/cf_pride_lastwords.mp3","unrecorded","Callum","N2lVS1w4EtoT3dr4eOWO","Generated from data/confessions.json; do not hand-copy Litany text into Ink."
"vo_confession_cf_pride_lastwords_elaboration","cf_pride_lastwords","elaboration","CORVIN","Corvin Vale","His were clumsy. He said something about a dog. I gave the family something they could put on a stone.","20","PRIDE","6","2","EXCAVATED","data/confessions.json","data/confessions.json#cf_pride_lastwords","vo/confessions/cf_pride_lastwords_elaboration.mp3","unrecorded","Callum","N2lVS1w4EtoT3dr4eOWO","Generated from data/confessions.json; do not hand-copy Litany text into Ink."
"vo_confession_cf_pride_kestrel","cf_pride_kestrel","confession","CORVIN","Corvin Vale","I let Tomas take the blame for the Kestrel papers.","10","PRIDE","7","2","EXCAVATED","data/confessions.json","data/confessions.json#cf_pride_kestrel","vo/confessions/cf_pride_kestrel.mp3","unrecorded","Callum","N2lVS1w4EtoT3dr4eOWO","Generated from data/confessions.json; do not hand-copy Litany text into Ink."
"vo_confession_cf_pride_kestrel_elaboration","cf_pride_kestrel","elaboration","CORVIN","Corvin Vale","Not to save myself. He could afford to look stupid and I couldn't. That was the whole calculation. That was all of it.","23","PRIDE","7","2","EXCAVATED","data/confessions.json","data/confessions.json#cf_pride_kestrel","vo/confessions/cf_pride_kestrel_elaboration.mp3","unrecorded","Callum","N2lVS1w4EtoT3dr4eOWO","Generated from data/confessions.json; do not hand-copy Litany text into Ink."
"vo_confession_cf_bt_again","cf_bt_again","confession","CORVIN","Corvin Vale","I'd do all of it again.","6","BETRAYAL","8","3","EXCAVATED","data/confessions.json","data/confessions.json#cf_bt_again","vo/confessions/cf_bt_again.mp3","unrecorded","Callum","N2lVS1w4EtoT3dr4eOWO","Generated from data/confessions.json; do not hand-copy Litany text into Ink."
"vo_confession_cf_bt_again_elaboration","cf_bt_again","elaboration","CORVIN","Corvin Vale","Every part. The manifest, Tomas, the harbor. If it put her hand back on my wrist for one second — I'd do all of it again, and I'd be quicker about it the second time.","34","BETRAYAL","8","3","EXCAVATED","data/confessions.json","data/confessions.json#cf_bt_again","vo/confessions/cf_bt_again_elaboration.mp3","unrecorded","Callum","N2lVS1w4EtoT3dr4eOWO","Generated from data/confessions.json; do not hand-copy Litany text into Ink."
"vo_confession_cf_cow_why","cf_cow_why","confession","CORVIN","Corvin Vale","When she told me what she'd signed, I didn't ask why.","11","COWARDICE","6","3","EXCAVATED","data/confessions.json","data/confessions.json#cf_cow_why","vo/confessions/cf_cow_why.mp3","unrecorded","Callum","N2lVS1w4EtoT3dr4eOWO","Generated from data/confessions.json; do not hand-copy Litany text into Ink."
"vo_confession_cf_cow_why_elaboration","cf_cow_why","elaboration","CORVIN","Corvin Vale","I still haven't. And it isn't dignity. I'm afraid the reason's a good one, and then I'd have nothing left to be angry about.","24","COWARDICE","6","3","EXCAVATED","data/confessions.json","data/confessions.json#cf_cow_why","vo/confessions/cf_cow_why_elaboration.mp3","unrecorded","Callum","N2lVS1w4EtoT3dr4eOWO","Generated from data/confessions.json; do not hand-copy Litany text into Ink."
"vo_confession_cf_cow_didntfight","cf_cow_didntfight","confession","CORVIN","Corvin Vale","When they put me under, I didn't fight.","8","COWARDICE","7","3","EXCAVATED","data/confessions.json","data/confessions.json#cf_cow_didntfight","vo/confessions/cf_cow_didntfight.mp3","unrecorded","Callum","N2lVS1w4EtoT3dr4eOWO","Generated from data/confessions.json; do not hand-copy Litany text into Ink."
"vo_confession_cf_cow_didntfight_elaboration","cf_cow_didntfight","elaboration","CORVIN","Corvin Vale","Everyone assumes I did. It's the one part nobody's asked about. There was a hand on the back of my neck and I just — went. Like I'd been waiting to be told.","32","COWARDICE","7","3","EXCAVATED","data/confessions.json","data/confessions.json#cf_cow_didntfight","vo/confessions/cf_cow_didntfight_elaboration.mp3","unrecorded","Callum","N2lVS1w4EtoT3dr4eOWO","Generated from data/confessions.json; do not hand-copy Litany text into Ink."
"vo_confession_cf_cow_hanged","cf_cow_hanged","confession","CORVIN","Corvin Vale","A man hanged for a signature I forged.","8","COWARDICE","7","3","EXCAVATED","data/confessions.json","data/confessions.json#cf_cow_hanged","vo/confessions/cf_cow_hanged.mp3","unrecorded","Callum","N2lVS1w4EtoT3dr4eOWO","Generated from data/confessions.json; do not hand-copy Litany text into Ink."
"vo_confession_cf_cow_hanged_elaboration","cf_cow_hanged","elaboration","CORVIN","Corvin Vale","I attended. I stood at the back. I've told myself for six years that going was the decent thing, and standing at the back is the reason I know it wasn't.","31","COWARDICE","7","3","EXCAVATED","data/confessions.json","data/confessions.json#cf_cow_hanged","vo/confessions/cf_cow_hanged_elaboration.mp3","unrecorded","Callum","N2lVS1w4EtoT3dr4eOWO","Generated from data/confessions.json; do not hand-copy Litany text into Ink."
"vo_confession_cf_cruel_mother","cf_cruel_mother","confession","CORVIN","Corvin Vale","I was relieved when my mother stopped writing.","8","CRUELTY","6","3","EXCAVATED","data/confessions.json","data/confessions.json#cf_cruel_mother","vo/confessions/cf_cruel_mother.mp3","unrecorded","Callum","N2lVS1w4EtoT3dr4eOWO","Generated from data/confessions.json; do not hand-copy Litany text into Ink."
"vo_confession_cf_cruel_mother_elaboration","cf_cruel_mother","elaboration","CORVIN","Corvin Vale","I'd been leaving the letters sealed for two years. When they stopped I felt lighter, and then I felt nothing, and the nothing lasted longer.","25","CRUELTY","6","3","EXCAVATED","data/confessions.json","data/confessions.json#cf_cruel_mother","vo/confessions/cf_cruel_mother_elaboration.mp3","unrecorded","Callum","N2lVS1w4EtoT3dr4eOWO","Generated from data/confessions.json; do not hand-copy Litany text into Ink."
"vo_confession_cf_cruel_diagnosis","cf_cruel_diagnosis","confession","CORVIN","Corvin Vale","I read a man's diagnosis aloud in a crowded room.","10","CRUELTY","7","3","COMMITTED","data/confessions.json","data/confessions.json#cf_cruel_diagnosis","vo/confessions/cf_cruel_diagnosis.mp3","unrecorded","Callum","N2lVS1w4EtoT3dr4eOWO","Generated from data/confessions.json; do not hand-copy Litany text into Ink."
"vo_confession_cf_cruel_diagnosis_elaboration","cf_cruel_diagnosis","elaboration","CORVIN","Corvin Vale","To win a point about confidentiality. I won the point.","10","CRUELTY","7","3","COMMITTED","data/confessions.json","data/confessions.json#cf_cruel_diagnosis","vo/confessions/cf_cruel_diagnosis_elaboration.mp3","unrecorded","Callum","N2lVS1w4EtoT3dr4eOWO","Generated from data/confessions.json; do not hand-copy Litany text into Ink."
"vo_confession_cf_cruel_forgiven","cf_cruel_forgiven","confession","CORVIN","Corvin Vale","I've never forgiven anyone.","4","CRUELTY","7","3","EXCAVATED","data/confessions.json","data/confessions.json#cf_cruel_forgiven","vo/confessions/cf_cruel_forgiven.mp3","unrecorded","Callum","N2lVS1w4EtoT3dr4eOWO","Generated from data/confessions.json; do not hand-copy Litany text into Ink."
"vo_confession_cf_cruel_forgiven_elaboration","cf_cruel_forgiven","elaboration","CORVIN","Corvin Vale","I've only ever waited people out. There's a difference and I've been trading on it my whole life.","18","CRUELTY","7","3","EXCAVATED","data/confessions.json","data/confessions.json#cf_cruel_forgiven","vo/confessions/cf_cruel_forgiven_elaboration.mp3","unrecorded","Callum","N2lVS1w4EtoT3dr4eOWO","Generated from data/confessions.json; do not hand-copy Litany text into Ink."
"vo_confession_cf_greed_grave","cf_greed_grave","confession","CORVIN","Corvin Vale","I sold my own plot. The one next to my father.","11","GREED","7","3","COMMITTED","data/confessions.json","data/confessions.json#cf_greed_grave","vo/confessions/cf_greed_grave.mp3","unrecorded","Callum","N2lVS1w4EtoT3dr4eOWO","Generated from data/confessions.json; do not hand-copy Litany text into Ink."
"vo_confession_cf_greed_grave_elaboration","cf_greed_grave","elaboration","CORVIN","Corvin Vale","I needed the money for something. I can't remember what. That's the part that's started to bother me.","18","GREED","7","3","COMMITTED","data/confessions.json","data/confessions.json#cf_greed_grave","vo/confessions/cf_greed_grave_elaboration.mp3","unrecorded","Callum","N2lVS1w4EtoT3dr4eOWO","Generated from data/confessions.json; do not hand-copy Litany text into Ink."
"vo_confession_cf_greed_policy","cf_greed_policy","confession","CORVIN","Corvin Vale","I told a woman her husband's policy had lapsed.","9","GREED","7","3","COMMITTED","data/confessions.json","data/confessions.json#cf_greed_policy","vo/confessions/cf_greed_policy.mp3","unrecorded","Callum","N2lVS1w4EtoT3dr4eOWO","Generated from data/confessions.json; do not hand-copy Litany text into Ink."
"vo_confession_cf_greed_policy_elaboration","cf_greed_policy","elaboration","CORVIN","Corvin Vale","It hadn't. I bought it off her at eleven percent and cashed it the same week. She sends me a card at midwinter.","23","GREED","7","3","COMMITTED","data/confessions.json","data/confessions.json#cf_greed_policy","vo/confessions/cf_greed_policy_elaboration.mp3","unrecorded","Callum","N2lVS1w4EtoT3dr4eOWO","Generated from data/confessions.json; do not hand-copy Litany text into Ink."
"vo_confession_cf_lust_mireille","cf_lust_mireille","confession","CORVIN","Corvin Vale","I sat with a dying woman and part of me was just glad to be looked at.","17","LUST","5","3","COMMITTED","data/confessions.json","data/confessions.json#cf_lust_mireille","vo/confessions/cf_lust_mireille.mp3","unrecorded","Callum","N2lVS1w4EtoT3dr4eOWO","Generated from data/confessions.json; do not hand-copy Litany text into Ink."
"vo_confession_cf_lust_mireille_elaboration","cf_lust_mireille","elaboration","CORVIN","Corvin Vale","She was on day eight. She was forgetting her own name mid-sentence. And I was thinking about how she said mine.","22","LUST","5","3","COMMITTED","data/confessions.json","data/confessions.json#cf_lust_mireille","vo/confessions/cf_lust_mireille_elaboration.mp3","unrecorded","Callum","N2lVS1w4EtoT3dr4eOWO","Generated from data/confessions.json; do not hand-copy Litany text into Ink."
"vo_confession_cf_lust_hands","cf_lust_hands","confession","CORVIN","Corvin Vale","I can't feel anything anymore and I still reach for people.","11","LUST","6","3","EXCAVATED","data/confessions.json","data/confessions.json#cf_lust_hands","vo/confessions/cf_lust_hands.mp3","unrecorded","Callum","N2lVS1w4EtoT3dr4eOWO","Generated from data/confessions.json; do not hand-copy Litany text into Ink."
"vo_confession_cf_lust_hands_elaboration","cf_lust_hands","elaboration","CORVIN","Corvin Vale","I put my hand on Teodor's shoulder last week for no reason at all. Just to check. There was nothing there. I did it again the next day.","28","LUST","6","3","EXCAVATED","data/confessions.json","data/confessions.json#cf_lust_hands","vo/confessions/cf_lust_hands_elaboration.mp3","unrecorded","Callum","N2lVS1w4EtoT3dr4eOWO","Generated from data/confessions.json; do not hand-copy Litany text into Ink."
"vo_confession_cf_lust_still","cf_lust_still","confession","CORVIN","Corvin Vale","I still want her. Knowing what she signed.","8","LUST","7","3","EXCAVATED","data/confessions.json","data/confessions.json#cf_lust_still","vo/confessions/cf_lust_still.mp3","unrecorded","Callum","N2lVS1w4EtoT3dr4eOWO","Generated from data/confessions.json; do not hand-copy Litany text into Ink."
"vo_confession_cf_lust_still_elaboration","cf_lust_still","elaboration","CORVIN","Corvin Vale","That's the part I can't get out from under. Not that she did it. That it didn't change anything.","19","LUST","7","3","EXCAVATED","data/confessions.json","data/confessions.json#cf_lust_still","vo/confessions/cf_lust_still_elaboration.mp3","unrecorded","Callum","N2lVS1w4EtoT3dr4eOWO","Generated from data/confessions.json; do not hand-copy Litany text into Ink."
