"batch_id","batch_type","act","speaker","cast_status","location","knot","category","line_count","word_count","recording_status"
"vo_batch_act_i_0001","scene_speaker_run","Act I","CORVIN","scratch_cast","","mudflats_wake","","3","21","unrecorded"
"vo_batch_act_i_0002","scene_speaker_run","Act I","CORVIN","scratch_cast","mudflats","mudflats_silt","","3","24","unrecorded"
"vo_batch_act_i_0003","scene_speaker_run","Act I","CORVIN","scratch_cast","mudflats","mudflats_hands","","4","21","unrecorded"
"vo_batch_act_i_0004","scene_speaker_run","Act I","CORVIN","scratch_cast","mudflats","mudflats_harbor_view","","3","30","unrecorded"
"vo_batch_act_i_0005","scene_speaker_run","Act I","CORVIN","scratch_cast","mudflats","mudflats_coat_wet","","4","19","unrecorded"
"vo_batch_act_i_0006","scene_speaker_run","Act I","TOMAS","scratch_cast","old_quay","old_quay_tomas","","15","132","unrecorded"
"vo_batch_act_i_0007","scene_speaker_run","Act I","CORVIN","scratch_cast","old_quay","old_quay_tomas","","12","50","unrecorded"
"vo_batch_act_i_0008","scene_speaker_run","Act I","TOMAS","scratch_cast","","old_quay_equipment","","2","20","unrecorded"
"vo_batch_act_i_0009","scene_speaker_run","Act I","CORVIN","scratch_cast","","old_quay_equipment","","1","2","unrecorded"
"vo_batch_act_i_0010","scene_speaker_run","Act I","TOMAS","scratch_cast","old_quay","old_quay_tomas_topics","","19","221","unrecorded"
"vo_batch_act_i_0011","scene_speaker_run","Act I","CORVIN","scratch_cast","old_quay","old_quay_tomas_topics","","13","59","unrecorded"
"vo_batch_act_i_0012","scene_speaker_run","Act I","CORVIN","scratch_cast","old_quay","old_quay_silent_bollards","","3","12","unrecorded"
"vo_batch_act_i_0013","scene_speaker_run","Act I","TOMAS","scratch_cast","old_quay","old_quay_silent_bollards","","2","6","unrecorded"
"vo_batch_act_i_0014","scene_speaker_run","Act I","CORVIN","scratch_cast","old_quay","old_quay_bollard_petra","","2","4","unrecorded"
"vo_batch_act_i_0015","scene_speaker_run","Act I","TOMAS","scratch_cast","old_quay","old_quay_bollard_petra","","2","11","unrecorded"
"vo_batch_act_i_0016","scene_speaker_run","Act I","CORVIN","scratch_cast","old_quay","old_quay_bollard_ledger","","2","12","unrecorded"
"vo_batch_act_i_0017","scene_speaker_run","Act I","TOMAS","scratch_cast","old_quay","old_quay_bollard_ledger","","2","22","unrecorded"
"vo_batch_act_i_0018","scene_speaker_run","Act I","CORVIN","scratch_cast","old_quay","old_quay_bollard_bride","","2","6","unrecorded"
"vo_batch_act_i_0019","scene_speaker_run","Act I","TOMAS","scratch_cast","old_quay","old_quay_bollard_bride","","2","15","unrecorded"
"vo_batch_act_i_0020","scene_speaker_run","Act I","TOMAS","scratch_cast","old_quay","old_quay_bollards_all_seen","","3","21","unrecorded"
"vo_batch_act_i_0021","scene_speaker_run","Act I","CORVIN","scratch_cast","old_quay","old_quay_bollards_all_seen","","2","14","unrecorded"
"vo_batch_act_i_0022","scene_speaker_run","Act I","CORVIN","scratch_cast","old_quay","old_quay_flask","","3","9","unrecorded"
"vo_batch_act_i_0023","scene_speaker_run","Act I","TOMAS","scratch_cast","old_quay","old_quay_flask","","2","9","unrecorded"
"vo_batch_act_i_0024","scene_speaker_run","Act I","CORVIN","scratch_cast","old_quay","old_quay_rope_cleat","","3","15","unrecorded"
"vo_batch_act_i_0025","scene_speaker_run","Act I","TOMAS","scratch_cast","old_quay","old_quay_rope_cleat","","2","12","unrecorded"
"vo_batch_act_i_0026","scene_speaker_run","Act I","BOOT_SELLER","needs_cast_decision","salt_market","salt_market_arrival","","1","2","unrecorded"
"vo_batch_act_i_0027","scene_speaker_run","Act I","CORVIN","scratch_cast","salt_market","salt_market_arrival","","3","11","unrecorded"
"vo_batch_act_i_0028","scene_speaker_run","Act I","BOOT_SELLER","needs_cast_decision","salt_market","salt_market_public_recognition","","6","34","unrecorded"
"vo_batch_act_i_0029","scene_speaker_run","Act I","CORVIN","scratch_cast","salt_market","salt_market_public_recognition","","10","51","unrecorded"
"vo_batch_act_i_0030","scene_speaker_run","Act I","WOMAN","needs_cast_decision","salt_market","salt_market_public_recognition","","2","4","unrecorded"
"vo_batch_act_i_0031","scene_speaker_run","Act I","CORVIN","scratch_cast","salt_market","salt_market_boot_stall_after","","5","25","unrecorded"
"vo_batch_act_i_0032","scene_speaker_run","Act I","BOOT_SELLER","needs_cast_decision","salt_market","salt_market_boot_stall_after","","4","22","unrecorded"
"vo_batch_act_i_0033","scene_speaker_run","Act I","CORVIN","scratch_cast","salt_market","salt_market_fishmonger","","5","29","unrecorded"
"vo_batch_act_i_0034","scene_speaker_run","Act I","MONGER","needs_cast_decision","salt_market","salt_market_fishmonger","","3","21","unrecorded"
"vo_batch_act_i_0035","scene_speaker_run","Act I","CORVIN","scratch_cast","salt_market","salt_market_lamp","","6","21","unrecorded"
"vo_batch_act_i_0036","scene_speaker_run","Act I","REGISTRAR","scratch_cast","harbor_registry","registrar_duel_start","","12","94","unrecorded"
"vo_batch_act_i_0037","scene_speaker_run","Act I","CORVIN","scratch_cast","harbor_registry","registrar_duel_start","","6","36","unrecorded"
"vo_batch_act_i_0038","scene_speaker_run","Act I","REGISTRAR","scratch_cast","harbor_registry","registrar_duel_win","","8","73","unrecorded"
"vo_batch_act_i_0039","scene_speaker_run","Act I","CORVIN","scratch_cast","harbor_registry","registrar_duel_win","","3","22","unrecorded"
"vo_batch_act_i_0040","scene_speaker_run","Act I","REGISTRAR","scratch_cast","harbor_registry","registrar_duel_loss","","1","9","unrecorded"
"vo_batch_act_i_0041","scene_speaker_run","Act I","CORVIN","scratch_cast","harbor_registry","registrar_duel_loss","","1","9","unrecorded"
"vo_batch_act_i_0042","scene_speaker_run","Act I","CORVIN","scratch_cast","harbor_registry","registry_ledgers","","4","20","unrecorded"
"vo_batch_act_i_0043","scene_speaker_run","Act I","REGISTRAR","scratch_cast","harbor_registry","registry_ledgers","","3","18","unrecorded"
"vo_batch_act_i_0044","scene_speaker_run","Act I","CORVIN","scratch_cast","harbor_registry","registry_roll_book","","4","29","unrecorded"
"vo_batch_act_i_0045","scene_speaker_run","Act I","REGISTRAR","scratch_cast","harbor_registry","registry_roll_book","","3","16","unrecorded"
"vo_batch_act_i_0046","scene_speaker_run","Act I","CORVIN","scratch_cast","harbor_registry","registry_lamp_smoked","","3","11","unrecorded"
"vo_batch_act_i_0047","scene_speaker_run","Act I","REGISTRAR","scratch_cast","harbor_registry","registry_lamp_smoked","","3","21","unrecorded"
"vo_batch_act_i_0048","scene_speaker_run","Act I","CORVIN","scratch_cast","harbor_registry","registry_ledger_blocked","","2","12","unrecorded"
"vo_batch_act_i_0049","scene_speaker_run","Act I","REGISTRAR","scratch_cast","harbor_registry","registry_ledger_blocked","","1","8","unrecorded"
"vo_batch_act_i_0050","scene_speaker_run","Act I","CORVIN","scratch_cast","harbor_registry","registry_ledger_page","","4","23","unrecorded"
"vo_batch_act_i_0051","scene_speaker_run","Act I","REGISTRAR","scratch_cast","harbor_registry","registry_ledger_page","","3","27","unrecorded"
"vo_batch_act_i_0052","scene_speaker_run","Act I","REGISTRAR","scratch_cast","harbor_registry","registry_registrar_needs_manifest","","2","22","unrecorded"
"vo_batch_act_i_0053","scene_speaker_run","Act I","CORVIN","scratch_cast","harbor_registry","registry_registrar_needs_manifest","","1","4","unrecorded"
"vo_batch_act_i_0054","scene_speaker_run","Act I","WOMAN","needs_cast_decision","salt_market","salt_market_confession_queue","","3","22","unrecorded"
"vo_batch_act_i_0055","scene_speaker_run","Act I","MAN","needs_cast_decision","salt_market","salt_market_confession_queue","","1","5","unrecorded"
"vo_batch_act_i_0056","scene_speaker_run","Act I","CORVIN","scratch_cast","salt_market","salt_market_confession_queue","","1","6","unrecorded"
"vo_batch_act_i_0057","scene_speaker_run","Act I","CORVIN","scratch_cast","salt_market","salt_market_church_sign_wet","","3","3","unrecorded"
"vo_batch_act_i_0058","scene_speaker_run","Act I","WOMAN","needs_cast_decision","salt_market","salt_market_church_sign_wet","","1","6","unrecorded"
"vo_batch_act_i_0059","scene_speaker_run","Act I","MAN","needs_cast_decision","salt_market","salt_market_church_sign_wet","","1","8","unrecorded"
"vo_batch_act_i_0060","scene_speaker_run","Act I","CORVIN","scratch_cast","fish_hall","fish_hall_ice_table","","8","44","unrecorded"
"vo_batch_act_i_0061","scene_speaker_run","Act I","CORVIN","scratch_cast","fish_hall","fish_hall_coroner_tag","","7","47","unrecorded"
"vo_batch_act_i_0062","scene_speaker_run","Act I","CORVIN","scratch_cast","fish_hall","fish_hall_visitor_book","","8","62","unrecorded"
"vo_batch_act_i_0063","scene_speaker_run","Act I","CORVIN","scratch_cast","fish_hall","fish_hall_drain","","5","33","unrecorded"
"vo_batch_act_i_0064","scene_speaker_run","Act I","CORVIN","scratch_cast","bone_chandler","chandler_wares","","3","16","unrecorded"
"vo_batch_act_i_0065","scene_speaker_run","Act I","CHANDLER","scratch_cast","bone_chandler","chandler_wares","","1","8","unrecorded"
"vo_batch_act_i_0066","scene_speaker_run","Act I","CORVIN","scratch_cast","bone_chandler","chandler_chess_set","","4","23","unrecorded"
"vo_batch_act_i_0067","scene_speaker_run","Act I","CHANDLER","scratch_cast","bone_chandler","chandler_chess_set","","1","11","unrecorded"
"vo_batch_act_i_0068","scene_speaker_run","Act I","CORVIN","scratch_cast","bone_chandler","chandler_needs_salt","","5","26","unrecorded"
"vo_batch_act_i_0069","scene_speaker_run","Act I","CHANDLER","scratch_cast","bone_chandler","chandler_needs_salt","","4","38","unrecorded"
"vo_batch_act_i_0070","scene_speaker_run","Act I","CHANDLER","scratch_cast","bone_chandler","chandler_watch_trade","","12","109","unrecorded"
"vo_batch_act_i_0071","scene_speaker_run","Act I","CORVIN","scratch_cast","bone_chandler","chandler_watch_trade","","6","22","unrecorded"
"vo_batch_act_i_0072","scene_speaker_run","Act I","PROSPER","scratch_cast","almshouse","prosper_before_watch","","7","51","unrecorded"
"vo_batch_act_i_0073","scene_speaker_run","Act I","CORVIN","scratch_cast","almshouse","prosper_before_watch","","5","15","unrecorded"
"vo_batch_act_i_0074","scene_speaker_run","Act I","CORVIN","scratch_cast","almshouse","prosper_forgiveness","","9","55","unrecorded"
"vo_batch_act_i_0075","scene_speaker_run","Act I","PROSPER","scratch_cast","almshouse","prosper_forgiveness","","13","85","unrecorded"
"vo_batch_act_i_0076","scene_speaker_run","Act I","CORVIN","scratch_cast","almshouse","almshouse_cots","","4","30","unrecorded"
"vo_batch_act_i_0077","scene_speaker_run","Act I","PROSPER","scratch_cast","almshouse","almshouse_cots","","1","11","unrecorded"
"vo_batch_act_i_0078","scene_speaker_run","Act I","CORVIN","scratch_cast","almshouse","almshouse_window","","4","38","unrecorded"
"vo_batch_act_i_0079","scene_speaker_run","Act I","PROSPER","scratch_cast","almshouse","almshouse_window","","1","2","unrecorded"
"vo_batch_act_i_0080","scene_speaker_run","Act I","JUNO","scratch_cast","grey_float","juno_needs_rate_card","","2","26","unrecorded"
"vo_batch_act_i_0081","scene_speaker_run","Act I","CORVIN","scratch_cast","grey_float","juno_needs_rate_card","","1","11","unrecorded"
"vo_batch_act_i_0082","scene_speaker_run","Act I","JUNO","scratch_cast","grey_float","float_juno_table","","8","102","unrecorded"
"vo_batch_act_i_0083","scene_speaker_run","Act I","CORVIN","scratch_cast","grey_float","float_juno_table","","6","25","unrecorded"
"vo_batch_act_i_0084","scene_speaker_run","Act I","JUNO","scratch_cast","grey_float","juno_regulator_trade","","5","66","unrecorded"
"vo_batch_act_i_0085","scene_speaker_run","Act I","CORVIN","scratch_cast","grey_float","juno_regulator_trade","","3","16","unrecorded"
"vo_batch_act_i_0086","scene_speaker_run","Act I","CORVIN","scratch_cast","grey_float","juno_pool_before_permission","","2","10","unrecorded"
"vo_batch_act_i_0087","scene_speaker_run","Act I","JUNO","scratch_cast","grey_float","juno_pool_before_permission","","2","15","unrecorded"
"vo_batch_act_i_0088","scene_speaker_run","Act I","JUNO","scratch_cast","grey_float","juno_hot_pool_soak","","5","28","unrecorded"
"vo_batch_act_i_0089","scene_speaker_run","Act I","CORVIN","scratch_cast","grey_float","juno_hot_pool_soak","","4","9","unrecorded"
"vo_batch_act_i_0090","scene_speaker_run","Act I","JUNO","scratch_cast","grey_float","juno_warmth_expired","","3","31","unrecorded"
"vo_batch_act_i_0091","scene_speaker_run","Act I","CORVIN","scratch_cast","grey_float","juno_warmth_expired","","2","19","unrecorded"
"vo_batch_act_i_0092","scene_speaker_run","Act I","ADELA","needs_cast_decision","grey_float","float_staff_corner","","6","34","unrecorded"
"vo_batch_act_i_0093","scene_speaker_run","Act I","MARIN","needs_cast_decision","grey_float","float_staff_corner","","4","22","unrecorded"
"vo_batch_act_i_0094","scene_speaker_run","Act I","CORVIN","scratch_cast","grey_float","float_staff_corner","","3","12","unrecorded"
"vo_batch_act_i_0095","scene_speaker_run","Act I","CORVIN","scratch_cast","grey_float","float_steam_screen","","6","32","unrecorded"
"vo_batch_act_i_0096","scene_speaker_run","Act I","JUNO","scratch_cast","grey_float","float_steam_screen","","5","34","unrecorded"
"vo_batch_act_i_0097","scene_speaker_run","Act I","CLERK","needs_cast_decision","harbormaster_office","heartbeat_check_fail","","3","11","unrecorded"
"vo_batch_act_i_0098","scene_speaker_run","Act I","CORVIN","scratch_cast","harbormaster_office","heartbeat_check_fail","","2","8","unrecorded"
"vo_batch_act_i_0099","scene_speaker_run","Act I","CORVIN","scratch_cast","harbormaster_office","harbormaster_checklist_desk","","3","19","unrecorded"
"vo_batch_act_i_0100","scene_speaker_run","Act I","CLERK","needs_cast_decision","harbormaster_office","harbormaster_checklist_desk","","2","17","unrecorded"
"vo_batch_act_i_0101","scene_speaker_run","Act I","CORVIN","scratch_cast","harbormaster_office","harbormaster_sabine_door","","2","11","unrecorded"
"vo_batch_act_i_0102","scene_speaker_run","Act I","CLERK","needs_cast_decision","harbormaster_office","harbormaster_sabine_door","","1","8","unrecorded"
"vo_batch_act_i_0103","scene_speaker_run","Act I","CLERK","needs_cast_decision","harbormaster_office","heartbeat_check_pass","","8","31","unrecorded"
"vo_batch_act_i_0104","scene_speaker_run","Act I","CORVIN","scratch_cast","harbormaster_office","heartbeat_check_pass","","6","24","unrecorded"
"vo_batch_act_i_0105","scene_speaker_run","Act I","TEODOR","scratch_cast","church_of_the_drowned","teodor_rate_card_booth","","10","65","unrecorded"
"vo_batch_act_i_0106","scene_speaker_run","Act I","CORVIN","scratch_cast","church_of_the_drowned","teodor_rate_card_booth","","17","108","unrecorded"
"vo_batch_act_i_0107","scene_speaker_run","Act I","WOMAN","needs_cast_decision","church_of_the_drowned","teodor_rate_card_booth","","2","11","unrecorded"
"vo_batch_act_i_0108","scene_speaker_run","Act I","BOY","needs_cast_decision","church_of_the_drowned","teodor_rate_card_booth","","4","19","unrecorded"
"vo_batch_act_i_0109","scene_speaker_run","Act I","KANE","scratch_cast","church_of_the_drowned","teodor_rate_card_booth","","6","55","unrecorded"
"vo_batch_act_i_0110","scene_speaker_run","Act I","CORVIN","scratch_cast","church_of_the_drowned","church_poor_box","","3","21","unrecorded"
"vo_batch_act_i_0111","scene_speaker_run","Act I","TEODOR","scratch_cast","church_of_the_drowned","church_poor_box","","2","11","unrecorded"
"vo_batch_act_i_0112","scene_speaker_run","Act I","CORVIN","scratch_cast","church_of_the_drowned","church_stall_sign","","2","12","unrecorded"
"vo_batch_act_i_0113","scene_speaker_run","Act I","TEODOR","scratch_cast","church_of_the_drowned","church_stall_sign","","1","10","unrecorded"
"vo_batch_act_i_0114","scene_speaker_run","Act I","CORVIN","scratch_cast","church_of_the_drowned","church_confession_booth","","5","32","unrecorded"
"vo_batch_act_i_0115","scene_speaker_run","Act I","TEODOR","scratch_cast","church_of_the_drowned","church_confession_booth","","4","32","unrecorded"
"vo_batch_act_i_0116","scene_speaker_run","Act I","TEODOR","scratch_cast","church_of_the_drowned","teodor_needs_chit","","2","18","unrecorded"
"vo_batch_act_i_0117","scene_speaker_run","Act I","CORVIN","scratch_cast","church_of_the_drowned","teodor_needs_chit","","1","6","unrecorded"
"vo_batch_act_i_0118","scene_speaker_run","Act I","SABINE","scratch_cast","sabine_office","sabine_act_i_audience","","18","91","unrecorded"
"vo_batch_act_i_0119","scene_speaker_run","Act I","CORVIN","scratch_cast","sabine_office","sabine_act_i_audience","","19","128","unrecorded"
"vo_batch_litany_0120","litany_category_run","Act 1","CORVIN","scratch_cast","confessions","","BETRAYAL","2","32","unrecorded"
"vo_batch_litany_0121","litany_category_run","Act 1","CORVIN","scratch_cast","confessions","","COWARDICE","10","125","unrecorded"
"vo_batch_litany_0122","litany_category_run","Act 1","CORVIN","scratch_cast","confessions","","CRUELTY","8","102","unrecorded"
"vo_batch_litany_0123","litany_category_run","Act 1","CORVIN","scratch_cast","confessions","","GREED","12","132","unrecorded"
"vo_batch_litany_0124","litany_category_run","Act 1","CORVIN","scratch_cast","confessions","","LUST","10","125","unrecorded"
"vo_batch_litany_0125","litany_category_run","Act 1","CORVIN","scratch_cast","confessions","","PRIDE","14","162","unrecorded"
"vo_batch_litany_0126","litany_category_run","Act 2","CORVIN","scratch_cast","confessions","","BETRAYAL","4","92","unrecorded"
"vo_batch_litany_0127","litany_category_run","Act 2","CORVIN","scratch_cast","confessions","","COWARDICE","6","93","unrecorded"
"vo_batch_litany_0128","litany_category_run","Act 2","CORVIN","scratch_cast","confessions","","CRUELTY","8","109","unrecorded"
"vo_batch_litany_0129","litany_category_run","Act 2","CORVIN","scratch_cast","confessions","","GREED","8","115","unrecorded"
"vo_batch_litany_0130","litany_category_run","Act 2","CORVIN","scratch_cast","confessions","","LUST","8","121","unrecorded"
"vo_batch_litany_0131","litany_category_run","Act 2","CORVIN","scratch_cast","confessions","","PRIDE","10","146","unrecorded"
"vo_batch_litany_0132","litany_category_run","Act 3","CORVIN","scratch_cast","confessions","","BETRAYAL","2","40","unrecorded"
"vo_batch_litany_0133","litany_category_run","Act 3","CORVIN","scratch_cast","confessions","","COWARDICE","6","114","unrecorded"
"vo_batch_litany_0134","litany_category_run","Act 3","CORVIN","scratch_cast","confessions","","CRUELTY","6","75","unrecorded"
"vo_batch_litany_0135","litany_category_run","Act 3","CORVIN","scratch_cast","confessions","","GREED","4","61","unrecorded"
"vo_batch_litany_0136","litany_category_run","Act 3","CORVIN","scratch_cast","confessions","","LUST","6","105","unrecorded"
