"batch_id","queue_status","batch_type","act","speaker","scratch_voice","scratch_voice_id","cast_status","location","knot","category","line_count","word_count","first_line_id","audio_path_count","generation_rule","block_reason"
"vo_batch_act_i_0001","scratch_ready","scene_speaker_run","Act I","CORVIN","Callum","N2lVS1w4EtoT3dr4eOWO","scratch_cast","","mudflats_wake","","3","21","vo_act_i_0001","3","Generate as one speaker run in scene order with per-line tags; review full scene context before recording.",""
"vo_batch_act_i_0002","scratch_ready","scene_speaker_run","Act I","CORVIN","Callum","N2lVS1w4EtoT3dr4eOWO","scratch_cast","mudflats","mudflats_silt","","3","24","vo_act_i_0004","3","Generate as one speaker run in scene order with per-line tags; review full scene context before recording.",""
"vo_batch_act_i_0003","scratch_ready","scene_speaker_run","Act I","CORVIN","Callum","N2lVS1w4EtoT3dr4eOWO","scratch_cast","mudflats","mudflats_hands","","4","21","vo_act_i_0007","4","Generate as one speaker run in scene order with per-line tags; review full scene context before recording.",""
"vo_batch_act_i_0004","scratch_ready","scene_speaker_run","Act I","CORVIN","Callum","N2lVS1w4EtoT3dr4eOWO","scratch_cast","mudflats","mudflats_harbor_view","","3","30","vo_act_i_0011","3","Generate as one speaker run in scene order with per-line tags; review full scene context before recording.",""
"vo_batch_act_i_0005","scratch_ready","scene_speaker_run","Act I","CORVIN","Callum","N2lVS1w4EtoT3dr4eOWO","scratch_cast","mudflats","mudflats_coat_wet","","4","19","vo_act_i_0014","4","Generate as one speaker run in scene order with per-line tags; review full scene context before recording.",""
"vo_batch_act_i_0006","scratch_ready","scene_speaker_run","Act I","TOMAS","Roger","CwhRBWXzGAHq8TQ4Fs17","scratch_cast","old_quay","old_quay_tomas","","15","132","vo_act_i_0019","15","Generate as one speaker run in scene order with per-line tags; review full scene context before recording.",""
"vo_batch_act_i_0007","scratch_ready","scene_speaker_run","Act I","CORVIN","Callum","N2lVS1w4EtoT3dr4eOWO","scratch_cast","old_quay","old_quay_tomas","","12","50","vo_act_i_0022","12","Generate as one speaker run in scene order with per-line tags; review full scene context before recording.",""
"vo_batch_act_i_0008","scratch_ready","scene_speaker_run","Act I","TOMAS","Roger","CwhRBWXzGAHq8TQ4Fs17","scratch_cast","","old_quay_equipment","","2","20","vo_act_i_0050","2","Generate as one speaker run in scene order with per-line tags; review full scene context before recording.",""
"vo_batch_act_i_0009","scratch_ready","scene_speaker_run","Act I","CORVIN","Callum","N2lVS1w4EtoT3dr4eOWO","scratch_cast","","old_quay_equipment","","1","2","vo_act_i_0051","1","Generate as one speaker run in scene order with per-line tags; review full scene context before recording.",""
"vo_batch_act_i_0010","scratch_ready","scene_speaker_run","Act I","TOMAS","Roger","CwhRBWXzGAHq8TQ4Fs17","scratch_cast","old_quay","old_quay_tomas_topics","","19","221","vo_act_i_0053","19","Generate as one speaker run in scene order with per-line tags; review full scene context before recording.",""
"vo_batch_act_i_0011","scratch_ready","scene_speaker_run","Act I","CORVIN","Callum","N2lVS1w4EtoT3dr4eOWO","scratch_cast","old_quay","old_quay_tomas_topics","","13","59","vo_act_i_0054","13","Generate as one speaker run in scene order with per-line tags; review full scene context before recording.",""
"vo_batch_act_i_0012","scratch_ready","scene_speaker_run","Act I","CORVIN","Callum","N2lVS1w4EtoT3dr4eOWO","scratch_cast","old_quay","old_quay_silent_bollards","","3","12","vo_act_i_0085","3","Generate as one speaker run in scene order with per-line tags; review full scene context before recording.",""
"vo_batch_act_i_0013","scratch_ready","scene_speaker_run","Act I","TOMAS","Roger","CwhRBWXzGAHq8TQ4Fs17","scratch_cast","old_quay","old_quay_silent_bollards","","2","6","vo_act_i_0087","2","Generate as one speaker run in scene order with per-line tags; review full scene context before recording.",""
"vo_batch_act_i_0014","scratch_ready","scene_speaker_run","Act I","CORVIN","Callum","N2lVS1w4EtoT3dr4eOWO","scratch_cast","old_quay","old_quay_bollard_petra","","2","4","vo_act_i_0090","2","Generate as one speaker run in scene order with per-line tags; review full scene context before recording.",""
"vo_batch_act_i_0015","scratch_ready","scene_speaker_run","Act I","TOMAS","Roger","CwhRBWXzGAHq8TQ4Fs17","scratch_cast","old_quay","old_quay_bollard_petra","","2","11","vo_act_i_0091","2","Generate as one speaker run in scene order with per-line tags; review full scene context before recording.",""
"vo_batch_act_i_0016","scratch_ready","scene_speaker_run","Act I","CORVIN","Callum","N2lVS1w4EtoT3dr4eOWO","scratch_cast","old_quay","old_quay_bollard_ledger","","2","12","vo_act_i_0094","2","Generate as one speaker run in scene order with per-line tags; review full scene context before recording.",""
"vo_batch_act_i_0017","scratch_ready","scene_speaker_run","Act I","TOMAS","Roger","CwhRBWXzGAHq8TQ4Fs17","scratch_cast","old_quay","old_quay_bollard_ledger","","2","22","vo_act_i_0095","2","Generate as one speaker run in scene order with per-line tags; review full scene context before recording.",""
"vo_batch_act_i_0018","scratch_ready","scene_speaker_run","Act I","CORVIN","Callum","N2lVS1w4EtoT3dr4eOWO","scratch_cast","old_quay","old_quay_bollard_bride","","2","6","vo_act_i_0098","2","Generate as one speaker run in scene order with per-line tags; review full scene context before recording.",""
"vo_batch_act_i_0019","scratch_ready","scene_speaker_run","Act I","TOMAS","Roger","CwhRBWXzGAHq8TQ4Fs17","scratch_cast","old_quay","old_quay_bollard_bride","","2","15","vo_act_i_0099","2","Generate as one speaker run in scene order with per-line tags; review full scene context before recording.",""
"vo_batch_act_i_0020","scratch_ready","scene_speaker_run","Act I","TOMAS","Roger","CwhRBWXzGAHq8TQ4Fs17","scratch_cast","old_quay","old_quay_bollards_all_seen","","3","21","vo_act_i_0102","3","Generate as one speaker run in scene order with per-line tags; review full scene context before recording.",""
"vo_batch_act_i_0021","scratch_ready","scene_speaker_run","Act I","CORVIN","Callum","N2lVS1w4EtoT3dr4eOWO","scratch_cast","old_quay","old_quay_bollards_all_seen","","2","14","vo_act_i_0103","2","Generate as one speaker run in scene order with per-line tags; review full scene context before recording.",""
"vo_batch_act_i_0022","scratch_ready","scene_speaker_run","Act I","CORVIN","Callum","N2lVS1w4EtoT3dr4eOWO","scratch_cast","old_quay","old_quay_flask","","3","9","vo_act_i_0107","3","Generate as one speaker run in scene order with per-line tags; review full scene context before recording.",""
"vo_batch_act_i_0023","scratch_ready","scene_speaker_run","Act I","TOMAS","Roger","CwhRBWXzGAHq8TQ4Fs17","scratch_cast","old_quay","old_quay_flask","","2","9","vo_act_i_0108","2","Generate as one speaker run in scene order with per-line tags; review full scene context before recording.",""
"vo_batch_act_i_0024","scratch_ready","scene_speaker_run","Act I","CORVIN","Callum","N2lVS1w4EtoT3dr4eOWO","scratch_cast","old_quay","old_quay_rope_cleat","","3","15","vo_act_i_0112","3","Generate as one speaker run in scene order with per-line tags; review full scene context before recording.",""
"vo_batch_act_i_0025","scratch_ready","scene_speaker_run","Act I","TOMAS","Roger","CwhRBWXzGAHq8TQ4Fs17","scratch_cast","old_quay","old_quay_rope_cleat","","2","12","vo_act_i_0113","2","Generate as one speaker run in scene order with per-line tags; review full scene context before recording.",""
"vo_batch_act_i_0026","blocked_pending_cast_decision","scene_speaker_run","Act I","BOOT_SELLER","","","needs_cast_decision","salt_market","salt_market_arrival","","1","2","vo_act_i_0117","1","Generate as one speaker run in scene order with per-line tags; review full scene context before recording.","Speaker requires cast or consolidation decision before scratch generation."
"vo_batch_act_i_0027","scratch_ready","scene_speaker_run","Act I","CORVIN","Callum","N2lVS1w4EtoT3dr4eOWO","scratch_cast","salt_market","salt_market_arrival","","3","11","vo_act_i_0118","3","Generate as one speaker run in scene order with per-line tags; review full scene context before recording.",""
"vo_batch_act_i_0028","blocked_pending_cast_decision","scene_speaker_run","Act I","BOOT_SELLER","","","needs_cast_decision","salt_market","salt_market_public_recognition","","6","34","vo_act_i_0121","6","Generate as one speaker run in scene order with per-line tags; review full scene context before recording.","Speaker requires cast or consolidation decision before scratch generation."
"vo_batch_act_i_0029","scratch_ready","scene_speaker_run","Act I","CORVIN","Callum","N2lVS1w4EtoT3dr4eOWO","scratch_cast","salt_market","salt_market_public_recognition","","10","51","vo_act_i_0122","10","Generate as one speaker run in scene order with per-line tags; review full scene context before recording.",""
"vo_batch_act_i_0030","blocked_pending_cast_decision","scene_speaker_run","Act I","WOMAN","","","needs_cast_decision","salt_market","salt_market_public_recognition","","2","4","vo_act_i_0135","2","Generate as one speaker run in scene order with per-line tags; review full scene context before recording.","Speaker requires cast or consolidation decision before scratch generation."
"vo_batch_act_i_0031","scratch_ready","scene_speaker_run","Act I","CORVIN","Callum","N2lVS1w4EtoT3dr4eOWO","scratch_cast","salt_market","salt_market_boot_stall_after","","5","25","vo_act_i_0144","5","Generate as one speaker run in scene order with per-line tags; review full scene context before recording.",""
"vo_batch_act_i_0032","blocked_pending_cast_decision","scene_speaker_run","Act I","BOOT_SELLER","","","needs_cast_decision","salt_market","salt_market_boot_stall_after","","4","22","vo_act_i_0146","4","Generate as one speaker run in scene order with per-line tags; review full scene context before recording.","Speaker requires cast or consolidation decision before scratch generation."
"vo_batch_act_i_0033","scratch_ready","scene_speaker_run","Act I","CORVIN","Callum","N2lVS1w4EtoT3dr4eOWO","scratch_cast","salt_market","salt_market_fishmonger","","5","29","vo_act_i_0153","5","Generate as one speaker run in scene order with per-line tags; review full scene context before recording.",""
"vo_batch_act_i_0034","blocked_pending_cast_decision","scene_speaker_run","Act I","MONGER","","","needs_cast_decision","salt_market","salt_market_fishmonger","","3","21","vo_act_i_0155","3","Generate as one speaker run in scene order with per-line tags; review full scene context before recording.","Speaker requires cast or consolidation decision before scratch generation."
"vo_batch_act_i_0035","scratch_ready","scene_speaker_run","Act I","CORVIN","Callum","N2lVS1w4EtoT3dr4eOWO","scratch_cast","salt_market","salt_market_lamp","","6","21","vo_act_i_0161","6","Generate as one speaker run in scene order with per-line tags; review full scene context before recording.",""
"vo_batch_act_i_0036","scratch_ready","scene_speaker_run","Act I","REGISTRAR","Alice","Xb7hH8MSUJpSbSDYk0k2","scratch_cast","harbor_registry","registrar_duel_start","","12","94","vo_act_i_0167","12","Generate as one speaker run in scene order with per-line tags; review full scene context before recording.",""
"vo_batch_act_i_0037","scratch_ready","scene_speaker_run","Act I","CORVIN","Callum","N2lVS1w4EtoT3dr4eOWO","scratch_cast","harbor_registry","registrar_duel_start","","6","36","vo_act_i_0168","6","Generate as one speaker run in scene order with per-line tags; review full scene context before recording.",""
"vo_batch_act_i_0038","scratch_ready","scene_speaker_run","Act I","REGISTRAR","Alice","Xb7hH8MSUJpSbSDYk0k2","scratch_cast","harbor_registry","registrar_duel_win","","8","73","vo_act_i_0185","8","Generate as one speaker run in scene order with per-line tags; review full scene context before recording.",""
"vo_batch_act_i_0039","scratch_ready","scene_speaker_run","Act I","CORVIN","Callum","N2lVS1w4EtoT3dr4eOWO","scratch_cast","harbor_registry","registrar_duel_win","","3","22","vo_act_i_0186","3","Generate as one speaker run in scene order with per-line tags; review full scene context before recording.",""
"vo_batch_act_i_0040","scratch_ready","scene_speaker_run","Act I","REGISTRAR","Alice","Xb7hH8MSUJpSbSDYk0k2","scratch_cast","harbor_registry","registrar_duel_loss","","1","9","vo_act_i_0196","1","Generate as one speaker run in scene order with per-line tags; review full scene context before recording.",""
"vo_batch_act_i_0041","scratch_ready","scene_speaker_run","Act I","CORVIN","Callum","N2lVS1w4EtoT3dr4eOWO","scratch_cast","harbor_registry","registrar_duel_loss","","1","9","vo_act_i_0197","1","Generate as one speaker run in scene order with per-line tags; review full scene context before recording.",""
"vo_batch_act_i_0042","scratch_ready","scene_speaker_run","Act I","CORVIN","Callum","N2lVS1w4EtoT3dr4eOWO","scratch_cast","harbor_registry","registry_ledgers","","4","20","vo_act_i_0198","4","Generate as one speaker run in scene order with per-line tags; review full scene context before recording.",""
"vo_batch_act_i_0043","scratch_ready","scene_speaker_run","Act I","REGISTRAR","Alice","Xb7hH8MSUJpSbSDYk0k2","scratch_cast","harbor_registry","registry_ledgers","","3","18","vo_act_i_0200","3","Generate as one speaker run in scene order with per-line tags; review full scene context before recording.",""
"vo_batch_act_i_0044","scratch_ready","scene_speaker_run","Act I","CORVIN","Callum","N2lVS1w4EtoT3dr4eOWO","scratch_cast","harbor_registry","registry_roll_book","","4","29","vo_act_i_0205","4","Generate as one speaker run in scene order with per-line tags; review full scene context before recording.",""
"vo_batch_act_i_0045","scratch_ready","scene_speaker_run","Act I","REGISTRAR","Alice","Xb7hH8MSUJpSbSDYk0k2","scratch_cast","harbor_registry","registry_roll_book","","3","16","vo_act_i_0208","3","Generate as one speaker run in scene order with per-line tags; review full scene context before recording.",""
"vo_batch_act_i_0046","scratch_ready","scene_speaker_run","Act I","CORVIN","Callum","N2lVS1w4EtoT3dr4eOWO","scratch_cast","harbor_registry","registry_lamp_smoked","","3","11","vo_act_i_0213","3","Generate as one speaker run in scene order with per-line tags; review full scene context before recording.",""
"vo_batch_act_i_0047","scratch_ready","scene_speaker_run","Act I","REGISTRAR","Alice","Xb7hH8MSUJpSbSDYk0k2","scratch_cast","harbor_registry","registry_lamp_smoked","","3","21","vo_act_i_0214","3","Generate as one speaker run in scene order with per-line tags; review full scene context before recording.",""
"vo_batch_act_i_0048","scratch_ready","scene_speaker_run","Act I","CORVIN","Callum","N2lVS1w4EtoT3dr4eOWO","scratch_cast","harbor_registry","registry_ledger_blocked","","2","12","vo_act_i_0219","2","Generate as one speaker run in scene order with per-line tags; review full scene context before recording.",""
"vo_batch_act_i_0049","scratch_ready","scene_speaker_run","Act I","REGISTRAR","Alice","Xb7hH8MSUJpSbSDYk0k2","scratch_cast","harbor_registry","registry_ledger_blocked","","1","8","vo_act_i_0220","1","Generate as one speaker run in scene order with per-line tags; review full scene context before recording.",""
"vo_batch_act_i_0050","scratch_ready","scene_speaker_run","Act I","CORVIN","Callum","N2lVS1w4EtoT3dr4eOWO","scratch_cast","harbor_registry","registry_ledger_page","","4","23","vo_act_i_0222","4","Generate as one speaker run in scene order with per-line tags; review full scene context before recording.",""
"vo_batch_act_i_0051","scratch_ready","scene_speaker_run","Act I","REGISTRAR","Alice","Xb7hH8MSUJpSbSDYk0k2","scratch_cast","harbor_registry","registry_ledger_page","","3","27","vo_act_i_0225","3","Generate as one speaker run in scene order with per-line tags; review full scene context before recording.",""
"vo_batch_act_i_0052","scratch_ready","scene_speaker_run","Act I","REGISTRAR","Alice","Xb7hH8MSUJpSbSDYk0k2","scratch_cast","harbor_registry","registry_registrar_needs_manifest","","2","22","vo_act_i_0231","2","Generate as one speaker run in scene order with per-line tags; review full scene context before recording.",""
"vo_batch_act_i_0053","scratch_ready","scene_speaker_run","Act I","CORVIN","Callum","N2lVS1w4EtoT3dr4eOWO","scratch_cast","harbor_registry","registry_registrar_needs_manifest","","1","4","vo_act_i_0232","1","Generate as one speaker run in scene order with per-line tags; review full scene context before recording.",""
"vo_batch_act_i_0054","blocked_pending_cast_decision","scene_speaker_run","Act I","WOMAN","","","needs_cast_decision","salt_market","salt_market_confession_queue","","3","22","vo_act_i_0234","3","Generate as one speaker run in scene order with per-line tags; review full scene context before recording.","Speaker requires cast or consolidation decision before scratch generation."
"vo_batch_act_i_0055","blocked_pending_cast_decision","scene_speaker_run","Act I","MAN","","","needs_cast_decision","salt_market","salt_market_confession_queue","","1","5","vo_act_i_0237","1","Generate as one speaker run in scene order with per-line tags; review full scene context before recording.","Speaker requires cast or consolidation decision before scratch generation."
"vo_batch_act_i_0056","scratch_ready","scene_speaker_run","Act I","CORVIN","Callum","N2lVS1w4EtoT3dr4eOWO","scratch_cast","salt_market","salt_market_confession_queue","","1","6","vo_act_i_0239","1","Generate as one speaker run in scene order with per-line tags; review full scene context before recording.",""
"vo_batch_act_i_0057","scratch_ready","scene_speaker_run","Act I","CORVIN","Callum","N2lVS1w4EtoT3dr4eOWO","scratch_cast","salt_market","salt_market_church_sign_wet","","3","3","vo_act_i_0241","3","Generate as one speaker run in scene order with per-line tags; review full scene context before recording.",""
"vo_batch_act_i_0058","blocked_pending_cast_decision","scene_speaker_run","Act I","WOMAN","","","needs_cast_decision","salt_market","salt_market_church_sign_wet","","1","6","vo_act_i_0244","1","Generate as one speaker run in scene order with per-line tags; review full scene context before recording.","Speaker requires cast or consolidation decision before scratch generation."
"vo_batch_act_i_0059","blocked_pending_cast_decision","scene_speaker_run","Act I","MAN","","","needs_cast_decision","salt_market","salt_market_church_sign_wet","","1","8","vo_act_i_0245","1","Generate as one speaker run in scene order with per-line tags; review full scene context before recording.","Speaker requires cast or consolidation decision before scratch generation."
"vo_batch_act_i_0060","scratch_ready","scene_speaker_run","Act I","CORVIN","Callum","N2lVS1w4EtoT3dr4eOWO","scratch_cast","fish_hall","fish_hall_ice_table","","8","44","vo_act_i_0246","8","Generate as one speaker run in scene order with per-line tags; review full scene context before recording.",""
"vo_batch_act_i_0061","scratch_ready","scene_speaker_run","Act I","CORVIN","Callum","N2lVS1w4EtoT3dr4eOWO","scratch_cast","fish_hall","fish_hall_coroner_tag","","7","47","vo_act_i_0254","7","Generate as one speaker run in scene order with per-line tags; review full scene context before recording.",""
"vo_batch_act_i_0062","scratch_ready","scene_speaker_run","Act I","CORVIN","Callum","N2lVS1w4EtoT3dr4eOWO","scratch_cast","fish_hall","fish_hall_visitor_book","","8","62","vo_act_i_0261","8","Generate as one speaker run in scene order with per-line tags; review full scene context before recording.",""
"vo_batch_act_i_0063","scratch_ready","scene_speaker_run","Act I","CORVIN","Callum","N2lVS1w4EtoT3dr4eOWO","scratch_cast","fish_hall","fish_hall_drain","","5","33","vo_act_i_0269","5","Generate as one speaker run in scene order with per-line tags; review full scene context before recording.",""
"vo_batch_act_i_0064","scratch_ready","scene_speaker_run","Act I","CORVIN","Callum","N2lVS1w4EtoT3dr4eOWO","scratch_cast","bone_chandler","chandler_wares","","3","16","vo_act_i_0274","3","Generate as one speaker run in scene order with per-line tags; review full scene context before recording.",""
"vo_batch_act_i_0065","scratch_ready","scene_speaker_run","Act I","CHANDLER","Will","bIHbv24MWmeRgasZH58o","scratch_cast","bone_chandler","chandler_wares","","1","8","vo_act_i_0276","1","Generate as one speaker run in scene order with per-line tags; review full scene context before recording.",""
"vo_batch_act_i_0066","scratch_ready","scene_speaker_run","Act I","CORVIN","Callum","N2lVS1w4EtoT3dr4eOWO","scratch_cast","bone_chandler","chandler_chess_set","","4","23","vo_act_i_0278","4","Generate as one speaker run in scene order with per-line tags; review full scene context before recording.",""
"vo_batch_act_i_0067","scratch_ready","scene_speaker_run","Act I","CHANDLER","Will","bIHbv24MWmeRgasZH58o","scratch_cast","bone_chandler","chandler_chess_set","","1","11","vo_act_i_0281","1","Generate as one speaker run in scene order with per-line tags; review full scene context before recording.",""
"vo_batch_act_i_0068","scratch_ready","scene_speaker_run","Act I","CORVIN","Callum","N2lVS1w4EtoT3dr4eOWO","scratch_cast","bone_chandler","chandler_needs_salt","","5","26","vo_act_i_0283","5","Generate as one speaker run in scene order with per-line tags; review full scene context before recording.",""
"vo_batch_act_i_0069","scratch_ready","scene_speaker_run","Act I","CHANDLER","Will","bIHbv24MWmeRgasZH58o","scratch_cast","bone_chandler","chandler_needs_salt","","4","38","vo_act_i_0285","4","Generate as one speaker run in scene order with per-line tags; review full scene context before recording.",""
"vo_batch_act_i_0070","scratch_ready","scene_speaker_run","Act I","CHANDLER","Will","bIHbv24MWmeRgasZH58o","scratch_cast","bone_chandler","chandler_watch_trade","","12","109","vo_act_i_0292","12","Generate as one speaker run in scene order with per-line tags; review full scene context before recording.",""
"vo_batch_act_i_0071","scratch_ready","scene_speaker_run","Act I","CORVIN","Callum","N2lVS1w4EtoT3dr4eOWO","scratch_cast","bone_chandler","chandler_watch_trade","","6","22","vo_act_i_0293","6","Generate as one speaker run in scene order with per-line tags; review full scene context before recording.",""
"vo_batch_act_i_0072","scratch_ready","scene_speaker_run","Act I","PROSPER","Bill","pqHfZKP75CvOlQylNhV4","scratch_cast","almshouse","prosper_before_watch","","7","51","vo_act_i_0310","7","Generate as one speaker run in scene order with per-line tags; review full scene context before recording.",""
"vo_batch_act_i_0073","scratch_ready","scene_speaker_run","Act I","CORVIN","Callum","N2lVS1w4EtoT3dr4eOWO","scratch_cast","almshouse","prosper_before_watch","","5","15","vo_act_i_0311","5","Generate as one speaker run in scene order with per-line tags; review full scene context before recording.",""
"vo_batch_act_i_0074","scratch_ready","scene_speaker_run","Act I","CORVIN","Callum","N2lVS1w4EtoT3dr4eOWO","scratch_cast","almshouse","prosper_forgiveness","","9","55","vo_act_i_0322","9","Generate as one speaker run in scene order with per-line tags; review full scene context before recording.",""
"vo_batch_act_i_0075","scratch_ready","scene_speaker_run","Act I","PROSPER","Bill","pqHfZKP75CvOlQylNhV4","scratch_cast","almshouse","prosper_forgiveness","","13","85","vo_act_i_0323","13","Generate as one speaker run in scene order with per-line tags; review full scene context before recording.",""
"vo_batch_act_i_0076","scratch_ready","scene_speaker_run","Act I","CORVIN","Callum","N2lVS1w4EtoT3dr4eOWO","scratch_cast","almshouse","almshouse_cots","","4","30","vo_act_i_0344","4","Generate as one speaker run in scene order with per-line tags; review full scene context before recording.",""
"vo_batch_act_i_0077","scratch_ready","scene_speaker_run","Act I","PROSPER","Bill","pqHfZKP75CvOlQylNhV4","scratch_cast","almshouse","almshouse_cots","","1","11","vo_act_i_0348","1","Generate as one speaker run in scene order with per-line tags; review full scene context before recording.",""
"vo_batch_act_i_0078","scratch_ready","scene_speaker_run","Act I","CORVIN","Callum","N2lVS1w4EtoT3dr4eOWO","scratch_cast","almshouse","almshouse_window","","4","38","vo_act_i_0349","4","Generate as one speaker run in scene order with per-line tags; review full scene context before recording.",""
"vo_batch_act_i_0079","scratch_ready","scene_speaker_run","Act I","PROSPER","Bill","pqHfZKP75CvOlQylNhV4","scratch_cast","almshouse","almshouse_window","","1","2","vo_act_i_0352","1","Generate as one speaker run in scene order with per-line tags; review full scene context before recording.",""
"vo_batch_act_i_0080","scratch_ready","scene_speaker_run","Act I","JUNO","Domi","AZnzlk1XvdvUeBnXmlld","scratch_cast","grey_float","juno_needs_rate_card","","2","26","vo_act_i_0354","2","Generate as one speaker run in scene order with per-line tags; review full scene context before recording.",""
"vo_batch_act_i_0081","scratch_ready","scene_speaker_run","Act I","CORVIN","Callum","N2lVS1w4EtoT3dr4eOWO","scratch_cast","grey_float","juno_needs_rate_card","","1","11","vo_act_i_0355","1","Generate as one speaker run in scene order with per-line tags; review full scene context before recording.",""
"vo_batch_act_i_0082","scratch_ready","scene_speaker_run","Act I","JUNO","Domi","AZnzlk1XvdvUeBnXmlld","scratch_cast","grey_float","float_juno_table","","8","102","vo_act_i_0357","8","Generate as one speaker run in scene order with per-line tags; review full scene context before recording.",""
"vo_batch_act_i_0083","scratch_ready","scene_speaker_run","Act I","CORVIN","Callum","N2lVS1w4EtoT3dr4eOWO","scratch_cast","grey_float","float_juno_table","","6","25","vo_act_i_0358","6","Generate as one speaker run in scene order with per-line tags; review full scene context before recording.",""
"vo_batch_act_i_0084","scratch_ready","scene_speaker_run","Act I","JUNO","Domi","AZnzlk1XvdvUeBnXmlld","scratch_cast","grey_float","juno_regulator_trade","","5","66","vo_act_i_0371","5","Generate as one speaker run in scene order with per-line tags; review full scene context before recording.",""
"vo_batch_act_i_0085","scratch_ready","scene_speaker_run","Act I","CORVIN","Callum","N2lVS1w4EtoT3dr4eOWO","scratch_cast","grey_float","juno_regulator_trade","","3","16","vo_act_i_0373","3","Generate as one speaker run in scene order with per-line tags; review full scene context before recording.",""
"vo_batch_act_i_0086","scratch_ready","scene_speaker_run","Act I","CORVIN","Callum","N2lVS1w4EtoT3dr4eOWO","scratch_cast","grey_float","juno_pool_before_permission","","2","10","vo_act_i_0380","2","Generate as one speaker run in scene order with per-line tags; review full scene context before recording.",""
"vo_batch_act_i_0087","scratch_ready","scene_speaker_run","Act I","JUNO","Domi","AZnzlk1XvdvUeBnXmlld","scratch_cast","grey_float","juno_pool_before_permission","","2","15","vo_act_i_0381","2","Generate as one speaker run in scene order with per-line tags; review full scene context before recording.",""
"vo_batch_act_i_0088","scratch_ready","scene_speaker_run","Act I","JUNO","Domi","AZnzlk1XvdvUeBnXmlld","scratch_cast","grey_float","juno_hot_pool_soak","","5","28","vo_act_i_0384","5","Generate as one speaker run in scene order with per-line tags; review full scene context before recording.",""
"vo_batch_act_i_0089","scratch_ready","scene_speaker_run","Act I","CORVIN","Callum","N2lVS1w4EtoT3dr4eOWO","scratch_cast","grey_float","juno_hot_pool_soak","","4","9","vo_act_i_0386","4","Generate as one speaker run in scene order with per-line tags; review full scene context before recording.",""
"vo_batch_act_i_0090","scratch_ready","scene_speaker_run","Act I","JUNO","Domi","AZnzlk1XvdvUeBnXmlld","scratch_cast","grey_float","juno_warmth_expired","","3","31","vo_act_i_0395","3","Generate as one speaker run in scene order with per-line tags; review full scene context before recording.",""
"vo_batch_act_i_0091","scratch_ready","scene_speaker_run","Act I","CORVIN","Callum","N2lVS1w4EtoT3dr4eOWO","scratch_cast","grey_float","juno_warmth_expired","","2","19","vo_act_i_0396","2","Generate as one speaker run in scene order with per-line tags; review full scene context before recording.",""
"vo_batch_act_i_0092","blocked_pending_cast_decision","scene_speaker_run","Act I","ADELA","","","needs_cast_decision","grey_float","float_staff_corner","","6","34","vo_act_i_0400","6","Generate as one speaker run in scene order with per-line tags; review full scene context before recording.","Speaker requires cast or consolidation decision before scratch generation."
"vo_batch_act_i_0093","blocked_pending_cast_decision","scene_speaker_run","Act I","MARIN","","","needs_cast_decision","grey_float","float_staff_corner","","4","22","vo_act_i_0401","4","Generate as one speaker run in scene order with per-line tags; review full scene context before recording.","Speaker requires cast or consolidation decision before scratch generation."
"vo_batch_act_i_0094","scratch_ready","scene_speaker_run","Act I","CORVIN","Callum","N2lVS1w4EtoT3dr4eOWO","scratch_cast","grey_float","float_staff_corner","","3","12","vo_act_i_0404","3","Generate as one speaker run in scene order with per-line tags; review full scene context before recording.",""
"vo_batch_act_i_0095","scratch_ready","scene_speaker_run","Act I","CORVIN","Callum","N2lVS1w4EtoT3dr4eOWO","scratch_cast","grey_float","float_steam_screen","","6","32","vo_act_i_0413","6","Generate as one speaker run in scene order with per-line tags; review full scene context before recording.",""
"vo_batch_act_i_0096","scratch_ready","scene_speaker_run","Act I","JUNO","Domi","AZnzlk1XvdvUeBnXmlld","scratch_cast","grey_float","float_steam_screen","","5","34","vo_act_i_0415","5","Generate as one speaker run in scene order with per-line tags; review full scene context before recording.",""
"vo_batch_act_i_0097","blocked_pending_cast_decision","scene_speaker_run","Act I","CLERK","","","needs_cast_decision","harbormaster_office","heartbeat_check_fail","","3","11","vo_act_i_0424","3","Generate as one speaker run in scene order with per-line tags; review full scene context before recording.","Speaker requires cast or consolidation decision before scratch generation."
"vo_batch_act_i_0098","scratch_ready","scene_speaker_run","Act I","CORVIN","Callum","N2lVS1w4EtoT3dr4eOWO","scratch_cast","harbormaster_office","heartbeat_check_fail","","2","8","vo_act_i_0425","2","Generate as one speaker run in scene order with per-line tags; review full scene context before recording.",""
"vo_batch_act_i_0099","scratch_ready","scene_speaker_run","Act I","CORVIN","Callum","N2lVS1w4EtoT3dr4eOWO","scratch_cast","harbormaster_office","harbormaster_checklist_desk","","3","19","vo_act_i_0429","3","Generate as one speaker run in scene order with per-line tags; review full scene context before recording.",""
"vo_batch_act_i_0100","blocked_pending_cast_decision","scene_speaker_run","Act I","CLERK","","","needs_cast_decision","harbormaster_office","harbormaster_checklist_desk","","2","17","vo_act_i_0431","2","Generate as one speaker run in scene order with per-line tags; review full scene context before recording.","Speaker requires cast or consolidation decision before scratch generation."
"vo_batch_act_i_0101","scratch_ready","scene_speaker_run","Act I","CORVIN","Callum","N2lVS1w4EtoT3dr4eOWO","scratch_cast","harbormaster_office","harbormaster_sabine_door","","2","11","vo_act_i_0434","2","Generate as one speaker run in scene order with per-line tags; review full scene context before recording.",""
"vo_batch_act_i_0102","blocked_pending_cast_decision","scene_speaker_run","Act I","CLERK","","","needs_cast_decision","harbormaster_office","harbormaster_sabine_door","","1","8","vo_act_i_0437","1","Generate as one speaker run in scene order with per-line tags; review full scene context before recording.","Speaker requires cast or consolidation decision before scratch generation."
"vo_batch_act_i_0103","blocked_pending_cast_decision","scene_speaker_run","Act I","CLERK","","","needs_cast_decision","harbormaster_office","heartbeat_check_pass","","8","31","vo_act_i_0438","8","Generate as one speaker run in scene order with per-line tags; review full scene context before recording.","Speaker requires cast or consolidation decision before scratch generation."
"vo_batch_act_i_0104","scratch_ready","scene_speaker_run","Act I","CORVIN","Callum","N2lVS1w4EtoT3dr4eOWO","scratch_cast","harbormaster_office","heartbeat_check_pass","","6","24","vo_act_i_0439","6","Generate as one speaker run in scene order with per-line tags; review full scene context before recording.",""
"vo_batch_act_i_0105","scratch_ready","scene_speaker_run","Act I","TEODOR","Eric","cjVigY5qzO86Huf0OWal","scratch_cast","church_of_the_drowned","teodor_rate_card_booth","","10","65","vo_act_i_0455","10","Generate as one speaker run in scene order with per-line tags; review full scene context before recording.",""
"vo_batch_act_i_0106","scratch_ready","scene_speaker_run","Act I","CORVIN","Callum","N2lVS1w4EtoT3dr4eOWO","scratch_cast","church_of_the_drowned","teodor_rate_card_booth","","17","108","vo_act_i_0456","17","Generate as one speaker run in scene order with per-line tags; review full scene context before recording.",""
"vo_batch_act_i_0107","blocked_pending_cast_decision","scene_speaker_run","Act I","WOMAN","","","needs_cast_decision","church_of_the_drowned","teodor_rate_card_booth","","2","11","vo_act_i_0474","2","Generate as one speaker run in scene order with per-line tags; review full scene context before recording.","Speaker requires cast or consolidation decision before scratch generation."
"vo_batch_act_i_0108","blocked_pending_cast_decision","scene_speaker_run","Act I","BOY","","","needs_cast_decision","church_of_the_drowned","teodor_rate_card_booth","","4","19","vo_act_i_0478","4","Generate as one speaker run in scene order with per-line tags; review full scene context before recording.","Speaker requires cast or consolidation decision before scratch generation."
"vo_batch_act_i_0109","scratch_ready","scene_speaker_run","Act I","KANE","Thomas","GBv7mTt0atIp3Br8iCZE","scratch_cast","church_of_the_drowned","teodor_rate_card_booth","","6","55","vo_act_i_0486","6","Generate as one speaker run in scene order with per-line tags; review full scene context before recording.",""
"vo_batch_act_i_0110","scratch_ready","scene_speaker_run","Act I","CORVIN","Callum","N2lVS1w4EtoT3dr4eOWO","scratch_cast","church_of_the_drowned","church_poor_box","","3","21","vo_act_i_0496","3","Generate as one speaker run in scene order with per-line tags; review full scene context before recording.",""
"vo_batch_act_i_0111","scratch_ready","scene_speaker_run","Act I","TEODOR","Eric","cjVigY5qzO86Huf0OWal","scratch_cast","church_of_the_drowned","church_poor_box","","2","11","vo_act_i_0500","2","Generate as one speaker run in scene order with per-line tags; review full scene context before recording.",""
"vo_batch_act_i_0112","scratch_ready","scene_speaker_run","Act I","CORVIN","Callum","N2lVS1w4EtoT3dr4eOWO","scratch_cast","church_of_the_drowned","church_stall_sign","","2","12","vo_act_i_0503","2","Generate as one speaker run in scene order with per-line tags; review full scene context before recording.",""
"vo_batch_act_i_0113","scratch_ready","scene_speaker_run","Act I","TEODOR","Eric","cjVigY5qzO86Huf0OWal","scratch_cast","church_of_the_drowned","church_stall_sign","","1","10","vo_act_i_0506","1","Generate as one speaker run in scene order with per-line tags; review full scene context before recording.",""
"vo_batch_act_i_0114","scratch_ready","scene_speaker_run","Act I","CORVIN","Callum","N2lVS1w4EtoT3dr4eOWO","scratch_cast","church_of_the_drowned","church_confession_booth","","5","32","vo_act_i_0507","5","Generate as one speaker run in scene order with per-line tags; review full scene context before recording.",""
"vo_batch_act_i_0115","scratch_ready","scene_speaker_run","Act I","TEODOR","Eric","cjVigY5qzO86Huf0OWal","scratch_cast","church_of_the_drowned","church_confession_booth","","4","32","vo_act_i_0509","4","Generate as one speaker run in scene order with per-line tags; review full scene context before recording.",""
"vo_batch_act_i_0116","scratch_ready","scene_speaker_run","Act I","TEODOR","Eric","cjVigY5qzO86Huf0OWal","scratch_cast","church_of_the_drowned","teodor_needs_chit","","2","18","vo_act_i_0516","2","Generate as one speaker run in scene order with per-line tags; review full scene context before recording.",""
"vo_batch_act_i_0117","scratch_ready","scene_speaker_run","Act I","CORVIN","Callum","N2lVS1w4EtoT3dr4eOWO","scratch_cast","church_of_the_drowned","teodor_needs_chit","","1","6","vo_act_i_0517","1","Generate as one speaker run in scene order with per-line tags; review full scene context before recording.",""
"vo_batch_act_i_0118","scratch_ready","scene_speaker_run","Act I","SABINE","Charlotte","XB0fDUnXU5powFXDhCwa","scratch_cast","sabine_office","sabine_act_i_audience","","18","91","vo_act_i_0519","18","Generate as one speaker run in scene order with per-line tags; review full scene context before recording.",""
"vo_batch_act_i_0119","scratch_ready","scene_speaker_run","Act I","CORVIN","Callum","N2lVS1w4EtoT3dr4eOWO","scratch_cast","sabine_office","sabine_act_i_audience","","19","128","vo_act_i_0520","19","Generate as one speaker run in scene order with per-line tags; review full scene context before recording.",""
"vo_batch_litany_0120","scratch_ready","litany_category_run","Act 1","CORVIN","Callum","N2lVS1w4EtoT3dr4eOWO","scratch_cast","confessions","","BETRAYAL","2","32","vo_confession_cf_bt_manifest","2","Generate as a category run; keep each confession immediately followed by its elaboration.",""
"vo_batch_litany_0121","scratch_ready","litany_category_run","Act 1","CORVIN","Callum","N2lVS1w4EtoT3dr4eOWO","scratch_cast","confessions","","COWARDICE","10","125","vo_confession_cf_cow_apologize","10","Generate as a category run; keep each confession immediately followed by its elaboration.",""
"vo_batch_litany_0122","scratch_ready","litany_category_run","Act 1","CORVIN","Callum","N2lVS1w4EtoT3dr4eOWO","scratch_cast","confessions","","CRUELTY","8","102","vo_confession_cf_cruel_funeral","8","Generate as a category run; keep each confession immediately followed by its elaboration.",""
"vo_batch_litany_0123","scratch_ready","litany_category_run","Act 1","CORVIN","Callum","N2lVS1w4EtoT3dr4eOWO","scratch_cast","confessions","","GREED","12","132","vo_confession_cf_greed_boots","12","Generate as a category run; keep each confession immediately followed by its elaboration.",""
"vo_batch_litany_0124","scratch_ready","litany_category_run","Act 1","CORVIN","Callum","N2lVS1w4EtoT3dr4eOWO","scratch_cast","confessions","","LUST","10","125","vo_confession_cf_lust_advice","10","Generate as a category run; keep each confession immediately followed by its elaboration.",""
"vo_batch_litany_0125","scratch_ready","litany_category_run","Act 1","CORVIN","Callum","N2lVS1w4EtoT3dr4eOWO","scratch_cast","confessions","","PRIDE","14","162","vo_confession_cf_pride_counselor","14","Generate as a category run; keep each confession immediately followed by its elaboration.",""
"vo_batch_litany_0126","scratch_ready","litany_category_run","Act 2","CORVIN","Callum","N2lVS1w4EtoT3dr4eOWO","scratch_cast","confessions","","BETRAYAL","4","92","vo_confession_cf_bt_harbor","4","Generate as a category run; keep each confession immediately followed by its elaboration.",""
"vo_batch_litany_0127","scratch_ready","litany_category_run","Act 2","CORVIN","Callum","N2lVS1w4EtoT3dr4eOWO","scratch_cast","confessions","","COWARDICE","6","93","vo_confession_cf_cow_father","6","Generate as a category run; keep each confession immediately followed by its elaboration.",""
"vo_batch_litany_0128","scratch_ready","litany_category_run","Act 2","CORVIN","Callum","N2lVS1w4EtoT3dr4eOWO","scratch_cast","confessions","","CRUELTY","8","109","vo_confession_cf_cruel_adelie","8","Generate as a category run; keep each confession immediately followed by its elaboration.",""
"vo_batch_litany_0129","scratch_ready","litany_category_run","Act 2","CORVIN","Callum","N2lVS1w4EtoT3dr4eOWO","scratch_cast","confessions","","GREED","8","115","vo_confession_cf_greed_berth","8","Generate as a category run; keep each confession immediately followed by its elaboration.",""
"vo_batch_litany_0130","scratch_ready","litany_category_run","Act 2","CORVIN","Callum","N2lVS1w4EtoT3dr4eOWO","scratch_cast","confessions","","LUST","8","121","vo_confession_cf_lust_burn","8","Generate as a category run; keep each confession immediately followed by its elaboration.",""
"vo_batch_litany_0131","scratch_ready","litany_category_run","Act 2","CORVIN","Callum","N2lVS1w4EtoT3dr4eOWO","scratch_cast","confessions","","PRIDE","10","146","vo_confession_cf_pride_eulogy","10","Generate as a category run; keep each confession immediately followed by its elaboration.",""
"vo_batch_litany_0132","scratch_ready","litany_category_run","Act 3","CORVIN","Callum","N2lVS1w4EtoT3dr4eOWO","scratch_cast","confessions","","BETRAYAL","2","40","vo_confession_cf_bt_again","2","Generate as a category run; keep each confession immediately followed by its elaboration.",""
"vo_batch_litany_0133","scratch_ready","litany_category_run","Act 3","CORVIN","Callum","N2lVS1w4EtoT3dr4eOWO","scratch_cast","confessions","","COWARDICE","6","114","vo_confession_cf_cow_didntfight","6","Generate as a category run; keep each confession immediately followed by its elaboration.",""
"vo_batch_litany_0134","scratch_ready","litany_category_run","Act 3","CORVIN","Callum","N2lVS1w4EtoT3dr4eOWO","scratch_cast","confessions","","CRUELTY","6","75","vo_confession_cf_cruel_diagnosis","6","Generate as a category run; keep each confession immediately followed by its elaboration.",""
"vo_batch_litany_0135","scratch_ready","litany_category_run","Act 3","CORVIN","Callum","N2lVS1w4EtoT3dr4eOWO","scratch_cast","confessions","","GREED","4","61","vo_confession_cf_greed_grave","4","Generate as a category run; keep each confession immediately followed by its elaboration.",""
"vo_batch_litany_0136","scratch_ready","litany_category_run","Act 3","CORVIN","Callum","N2lVS1w4EtoT3dr4eOWO","scratch_cast","confessions","","LUST","6","105","vo_confession_cf_lust_hands","6","Generate as a category run; keep each confession immediately followed by its elaboration.",""
